2026-08-06 18:33:03 | INFO    | amr.db           | -        | DB 초기화 완료 — 테이블 20개 (sqlite:////home/rokey/DBcenter-PT-Bot/hmi/backend/data/amr.db)
2026-08-06 18:33:03 | INFO    | amr.db           | -        | 시드 완료 — {'maps': 1, 'zones': 3, 'nodes': 8, 'routes': 1, 'equipment': 5, 'rules': 3, 'robots': 2}
2026-08-06 19:07:16 | INFO    | amr.main         | -        | ======================================================================
2026-08-06 19:07:16 | INFO    | amr.main         | -        | AMR 순찰·이상감지 관제 API v1.0.0 기동
2026-08-06 19:07:16 | INFO    | amr.db           | -        | DB 초기화 완료 — 테이블 20개 (sqlite:////home/rokey/DBcenter-PT-Bot/hmi/backend/data/amr.db)
2026-08-06 19:07:16 | INFO    | amr.main         | -        | REST 14개 라우터 · WS /ws/monitor 준비 완료
2026-08-06 19:07:16 | INFO    | amr.main         | -        | ======================================================================
2026-08-06 19:07:16 | INFO    | amr.ws           | -        | 브로드캐스트 소비 루프 시작
2026-08-06 19:07:18 | INFO    | amr.ws           | -        | WS 접속 — 현재 1개 연결
2026-08-06 19:07:18 | INFO    | amr.ws           | -        | WS 구독 변경 → ['DETECTION', 'EVENT', 'LOG', 'MISSION_STATUS', 'ROBOT_STATUS', 'SUPPRESSION_STATUS']
2026-08-06 19:07:26 | INFO    | amr.request      | f8ec506a | GET /api/robots → 200 (2.6ms) role=-
2026-08-06 19:07:26 | INFO    | amr.request      | c6d81dda | GET /api/routes → 200 (3.4ms) role=-
2026-08-06 19:07:30 | INFO    | amr.request      | da5175a7 | OPTIONS /api/stats/overview → 200 (1.0ms) role=-
2026-08-06 19:07:30 | INFO    | amr.request      | 26c3fbdf | OPTIONS /api/stats/overview → 200 (0.8ms) role=-
2026-08-06 19:07:30 | INFO    | amr.request      | 9d40e6a7 | OPTIONS /api/stats/overview → 200 (0.8ms) role=-
2026-08-06 19:07:30 | INFO    | amr.request      | 65a39c18 | OPTIONS /api/stats/overview → 200 (0.9ms) role=-
2026-08-06 19:07:30 | INFO    | amr.request      | 328c94b3 | GET /api/stats/overview → 200 (4.6ms) role=OPERATOR
2026-08-06 19:07:30 | INFO    | amr.request      | eebcee7c | GET /api/stats/overview → 200 (1.4ms) role=OPERATOR
2026-08-06 19:07:30 | INFO    | amr.request      | d3101438 | GET /api/stats/overview → 200 (1.3ms) role=OPERATOR
2026-08-06 19:07:30 | INFO    | amr.request      | f837d3da | GET /api/stats/overview → 200 (1.1ms) role=OPERATOR
2026-08-06 19:07:45 | INFO    | amr.request      | a898d7ef | OPTIONS /api/routes → 200 (0.5ms) role=-
2026-08-06 19:07:45 | INFO    | amr.request      | b30fadd8 | OPTIONS /api/stats/overview → 200 (1.4ms) role=-
2026-08-06 19:07:45 | INFO    | amr.ws           | -        | WS 접속 — 현재 2개 연결
2026-08-06 19:07:45 | INFO    | amr.request      | 161f5ab0 | OPTIONS /api/stats/overview → 200 (4.2ms) role=-
2026-08-06 19:07:45 | INFO    | amr.request      | 8cf02c62 | OPTIONS /api/stats/overview → 200 (4.3ms) role=-
2026-08-06 19:07:45 | INFO    | amr.request      | 4a94d03b | OPTIONS /api/stats/overview → 200 (3.9ms) role=-
2026-08-06 19:07:45 | INFO    | amr.request      | 3665aac6 | OPTIONS /api/routes → 200 (1.1ms) role=-
2026-08-06 19:07:45 | INFO    | amr.request      | d8f921e7 | OPTIONS /api/stats/overview → 200 (0.4ms) role=-
2026-08-06 19:07:45 | INFO    | amr.ws           | -        | WS 해제 — 현재 1개 연결
2026-08-06 19:07:45 | INFO    | amr.request      | 30cd7255 | OPTIONS /api/stats/overview → 200 (0.1ms) role=-
2026-08-06 19:07:45 | INFO    | amr.request      | 70844db2 | OPTIONS /api/stats/overview → 200 (2.3ms) role=-
2026-08-06 19:07:45 | INFO    | amr.request      | 3835562e | OPTIONS /api/stats/overview → 200 (2.9ms) role=-
2026-08-06 19:07:45 | INFO    | amr.ws           | -        | WS 접속 — 현재 2개 연결
2026-08-06 19:07:45 | INFO    | amr.request      | 6bd6adc3 | GET /api/stats/overview → 200 (11.8ms) role=OPERATOR
2026-08-06 19:07:45 | INFO    | amr.request      | a0e9a6be | GET /api/routes → 200 (12.2ms) role=OPERATOR
2026-08-06 19:07:45 | INFO    | amr.ws           | -        | WS 구독 변경 → ['DETECTION', 'EVENT', 'LOG', 'MISSION_STATUS', 'ROBOT_STATUS', 'SUPPRESSION_STATUS']
2026-08-06 19:07:45 | INFO    | amr.request      | 215a3de2 | GET /api/stats/overview → 200 (3.5ms) role=OPERATOR
2026-08-06 19:07:45 | INFO    | amr.request      | 79d0fd83 | GET /api/routes → 200 (2.9ms) role=OPERATOR
2026-08-06 19:07:45 | INFO    | amr.request      | 91749d1b | GET /api/stats/overview → 200 (2.7ms) role=OPERATOR
2026-08-06 19:07:45 | INFO    | amr.request      | 058cd228 | GET /api/stats/overview → 200 (2.8ms) role=OPERATOR
2026-08-06 19:07:45 | INFO    | amr.request      | f240d7e8 | GET /api/stats/overview → 200 (2.5ms) role=OPERATOR
2026-08-06 19:07:45 | INFO    | amr.request      | 581aee44 | GET /api/stats/overview → 200 (2.2ms) role=OPERATOR
2026-08-06 19:07:45 | INFO    | amr.request      | 5b517d2d | GET /api/stats/overview → 200 (1.3ms) role=OPERATOR
2026-08-06 19:07:45 | INFO    | amr.request      | 4866d340 | GET /api/stats/overview → 200 (1.2ms) role=OPERATOR
2026-08-06 19:08:00 | INFO    | amr.request      | 8b25b2fb | GET /api/stats/overview → 200 (2.3ms) role=OPERATOR
2026-08-06 19:08:00 | INFO    | amr.request      | b9406715 | GET /api/stats/overview → 200 (1.4ms) role=OPERATOR
2026-08-06 19:08:00 | INFO    | amr.request      | 697ba078 | GET /api/stats/overview → 200 (1.2ms) role=OPERATOR
2026-08-06 19:08:00 | INFO    | amr.request      | 65682e24 | GET /api/stats/overview → 200 (1.3ms) role=OPERATOR
2026-08-06 19:08:10 | INFO    | amr.request      | b94c46de | POST /api/events/detect → 201 (9.1ms) role=OPERATOR
2026-08-06 19:08:11 | INFO    | amr.request      | 8f005323 | POST /api/events/detect → 201 (3.3ms) role=-
2026-08-06 19:08:15 | INFO    | amr.request      | 77ef4ad1 | GET /api/stats/overview → 200 (2.4ms) role=OPERATOR
2026-08-06 19:08:15 | INFO    | amr.request      | f8aac938 | GET /api/stats/overview → 200 (1.8ms) role=OPERATOR
2026-08-06 19:08:15 | INFO    | amr.request      | c9a91169 | GET /api/stats/overview → 200 (1.8ms) role=OPERATOR
2026-08-06 19:08:15 | INFO    | amr.request      | ec51195e | GET /api/stats/overview → 200 (1.9ms) role=OPERATOR
2026-08-06 19:08:30 | INFO    | amr.request      | f4958dc6 | GET /api/stats/overview → 200 (2.3ms) role=OPERATOR
2026-08-06 19:08:30 | INFO    | amr.request      | 471f021a | GET /api/stats/overview → 200 (2.1ms) role=OPERATOR
2026-08-06 19:08:30 | INFO    | amr.request      | 60116864 | GET /api/stats/overview → 200 (1.2ms) role=OPERATOR
2026-08-06 19:08:30 | INFO    | amr.request      | f02fd825 | GET /api/stats/overview → 200 (1.2ms) role=OPERATOR
2026-08-06 19:08:45 | INFO    | amr.request      | 27697360 | GET /api/stats/overview → 200 (1.8ms) role=OPERATOR
2026-08-06 19:08:45 | INFO    | amr.request      | e22659c3 | GET /api/stats/overview → 200 (1.3ms) role=OPERATOR
2026-08-06 19:08:45 | INFO    | amr.request      | c8a301d8 | GET /api/stats/overview → 200 (1.2ms) role=OPERATOR
2026-08-06 19:08:45 | INFO    | amr.request      | 77e14868 | GET /api/stats/overview → 200 (1.7ms) role=OPERATOR
2026-08-06 19:09:00 | INFO    | amr.request      | fea0fc2f | GET /api/stats/overview → 200 (2.9ms) role=OPERATOR
2026-08-06 19:09:00 | INFO    | amr.request      | 16538bd0 | GET /api/stats/overview → 200 (1.2ms) role=OPERATOR
2026-08-06 19:09:00 | INFO    | amr.request      | 3db667cc | GET /api/stats/overview → 200 (1.0ms) role=OPERATOR
2026-08-06 19:09:00 | INFO    | amr.request      | 3e2f202e | GET /api/stats/overview → 200 (1.0ms) role=OPERATOR
2026-08-06 19:09:15 | INFO    | amr.request      | 19c6503b | GET /api/stats/overview → 200 (2.1ms) role=OPERATOR
2026-08-06 19:09:15 | INFO    | amr.request      | 40d405ee | GET /api/stats/overview → 200 (1.1ms) role=OPERATOR
2026-08-06 19:09:15 | INFO    | amr.request      | 6c6924a9 | GET /api/stats/overview → 200 (2.3ms) role=OPERATOR
2026-08-06 19:09:15 | INFO    | amr.request      | 7edd136c | GET /api/stats/overview → 200 (1.4ms) role=OPERATOR
2026-08-06 19:09:30 | INFO    | amr.request      | 98e9bfc9 | GET /api/stats/overview → 200 (3.4ms) role=OPERATOR
2026-08-06 19:09:30 | INFO    | amr.request      | 21dae579 | GET /api/stats/overview → 200 (1.9ms) role=OPERATOR
2026-08-06 19:09:30 | INFO    | amr.request      | 04451462 | GET /api/stats/overview → 200 (1.0ms) role=OPERATOR
2026-08-06 19:09:30 | INFO    | amr.request      | de2851c1 | GET /api/stats/overview → 200 (1.0ms) role=OPERATOR
2026-08-06 19:09:45 | INFO    | amr.request      | 3489cee7 | GET /api/stats/overview → 200 (2.4ms) role=OPERATOR
2026-08-06 19:09:45 | INFO    | amr.request      | af74dad4 | GET /api/stats/overview → 200 (1.9ms) role=OPERATOR
2026-08-06 19:09:45 | INFO    | amr.request      | f69dcd35 | GET /api/stats/overview → 200 (1.6ms) role=OPERATOR
2026-08-06 19:09:45 | INFO    | amr.request      | 3e369ff6 | GET /api/stats/overview → 200 (2.6ms) role=OPERATOR
2026-08-06 19:09:51 | INFO    | amr.ws           | -        | WS 해제 — 현재 1개 연결
2026-08-06 19:09:51 | INFO    | amr.ws           | -        | WS 해제 — 현재 0개 연결
2026-08-06 19:09:51 | INFO    | amr.ws           | -        | 브로드캐스트 소비 루프 종료
2026-08-06 19:09:51 | INFO    | amr.main         | -        | 서버 종료
2026-08-06 19:10:12 | INFO    | amr.main         | -        | ======================================================================
2026-08-06 19:10:12 | INFO    | amr.main         | -        | AMR 순찰·이상감지 관제 API v1.0.0 기동
2026-08-06 19:10:12 | INFO    | amr.db           | -        | DB 초기화 완료 — 테이블 20개 (sqlite:////home/rokey/DBcenter-PT-Bot/hmi/backend/data/amr.db)
2026-08-06 19:10:12 | INFO    | amr.main         | -        | REST 14개 라우터 · WS /ws/monitor 준비 완료
2026-08-06 19:10:12 | INFO    | amr.main         | -        | ======================================================================
2026-08-06 19:10:12 | INFO    | amr.ws           | -        | 브로드캐스트 소비 루프 시작
2026-08-06 19:10:12 | INFO    | amr.ws           | -        | WS 접속 — 현재 1개 연결
2026-08-06 19:10:12 | INFO    | amr.ws           | -        | WS 접속 — 현재 2개 연결
2026-08-06 19:10:12 | INFO    | amr.ws           | -        | WS 구독 변경 → ['DETECTION', 'EVENT', 'LOG', 'MISSION_STATUS', 'ROBOT_STATUS', 'SUPPRESSION_STATUS']
2026-08-06 19:10:12 | INFO    | amr.ws           | -        | WS 구독 변경 → ['DETECTION', 'EVENT', 'LOG', 'MISSION_STATUS', 'ROBOT_STATUS', 'SUPPRESSION_STATUS']
2026-08-06 19:10:15 | INFO    | amr.request      | 41a22d5f | GET /api/stats/overview → 200 (5.2ms) role=OPERATOR
2026-08-06 19:10:15 | INFO    | amr.request      | 0bc440ec | GET /api/stats/overview → 200 (1.9ms) role=OPERATOR
2026-08-06 19:10:15 | INFO    | amr.request      | be46b8f4 | GET /api/stats/overview → 200 (1.6ms) role=OPERATOR
2026-08-06 19:10:15 | INFO    | amr.request      | d58599b2 | GET /api/stats/overview → 200 (1.5ms) role=OPERATOR
2026-08-06 19:10:23 | INFO    | amr.request      | 5b3776c2 | GET /api/events → 200 (3.4ms) role=-
2026-08-06 19:10:30 | INFO    | amr.request      | 0fadff13 | GET /api/stats/overview → 200 (2.0ms) role=OPERATOR
2026-08-06 19:10:30 | INFO    | amr.request      | c302425a | GET /api/stats/overview → 200 (1.6ms) role=OPERATOR
2026-08-06 19:10:30 | INFO    | amr.request      | 92e13dda | GET /api/stats/overview → 200 (1.4ms) role=OPERATOR
2026-08-06 19:10:30 | INFO    | amr.request      | b31c0111 | GET /api/stats/overview → 200 (1.0ms) role=OPERATOR
2026-08-06 19:10:32 | INFO    | amr.ws           | -        | WS 해제 — 현재 1개 연결
2026-08-06 19:10:32 | INFO    | amr.ws           | -        | WS 접속 — 현재 2개 연결
2026-08-06 19:10:32 | INFO    | amr.ws           | -        | WS 해제 — 현재 1개 연결
2026-08-06 19:10:32 | INFO    | amr.request      | 98823e30 | GET /api/routes → 200 (9.0ms) role=OPERATOR
2026-08-06 19:10:32 | INFO    | amr.request      | 18af08ed | GET /api/stats/overview → 200 (8.8ms) role=OPERATOR
2026-08-06 19:10:32 | INFO    | amr.ws           | -        | WS 접속 — 현재 2개 연결
2026-08-06 19:10:32 | INFO    | amr.request      | b5782ded | GET /api/routes → 200 (8.7ms) role=OPERATOR
2026-08-06 19:10:32 | INFO    | amr.request      | 3d74c378 | GET /api/stats/overview → 200 (8.4ms) role=OPERATOR
2026-08-06 19:10:32 | INFO    | amr.ws           | -        | WS 구독 변경 → ['DETECTION', 'EVENT', 'LOG', 'MISSION_STATUS', 'ROBOT_STATUS', 'SUPPRESSION_STATUS']
2026-08-06 19:10:32 | INFO    | amr.request      | b88d5438 | GET /api/stats/overview → 200 (2.0ms) role=OPERATOR
2026-08-06 19:10:32 | INFO    | amr.request      | 81e285fc | GET /api/stats/overview → 200 (1.5ms) role=OPERATOR
2026-08-06 19:10:32 | INFO    | amr.request      | 19ea64f7 | GET /api/stats/overview → 200 (1.5ms) role=OPERATOR
2026-08-06 19:10:32 | INFO    | amr.request      | a1c2dddd | GET /api/stats/overview → 200 (1.5ms) role=OPERATOR
2026-08-06 19:10:32 | INFO    | amr.request      | 22af1730 | GET /api/stats/overview → 200 (1.4ms) role=OPERATOR
2026-08-06 19:10:32 | INFO    | amr.request      | 8d28ab6f | GET /api/stats/overview → 200 (1.6ms) role=OPERATOR
2026-08-06 19:10:49 | INFO    | amr.request      | b478ada0 | OPTIONS /api/equipment → 200 (0.5ms) role=-
2026-08-06 19:10:49 | INFO    | amr.request      | 1c161bd5 | OPTIONS /api/equipment → 200 (0.5ms) role=-
2026-08-06 19:10:49 | INFO    | amr.request      | 3124ccfc | GET /api/equipment → 200 (3.5ms) role=OPERATOR
2026-08-06 19:10:50 | INFO    | amr.request      | 6eb9245a | GET /api/equipment → 200 (1.6ms) role=OPERATOR
2026-08-06 19:11:00 | INFO    | amr.request      | 4c2728b8 | GET /api/stats/overview → 200 (2.8ms) role=OPERATOR
2026-08-06 19:11:00 | INFO    | amr.request      | 43860c9f | GET /api/stats/overview → 200 (1.6ms) role=OPERATOR
2026-08-06 19:11:00 | INFO    | amr.request      | a17e73a8 | GET /api/stats/overview → 200 (1.2ms) role=OPERATOR
2026-08-06 19:11:00 | INFO    | amr.request      | 98a1db4f | GET /api/stats/overview → 200 (1.1ms) role=OPERATOR
2026-08-06 19:11:30 | INFO    | amr.request      | a2cec7ff | GET /api/stats/overview → 200 (3.6ms) role=OPERATOR
2026-08-06 19:11:30 | INFO    | amr.request      | f7883156 | GET /api/stats/overview → 200 (1.8ms) role=OPERATOR
2026-08-06 19:11:30 | INFO    | amr.request      | 552f6f30 | GET /api/stats/overview → 200 (1.3ms) role=OPERATOR
2026-08-06 19:11:30 | INFO    | amr.request      | 188baf80 | GET /api/stats/overview → 200 (1.8ms) role=OPERATOR
2026-08-06 19:12:00 | INFO    | amr.request      | 41cfae67 | GET /api/stats/overview → 200 (2.7ms) role=OPERATOR
2026-08-06 19:12:00 | INFO    | amr.request      | fee9c7aa | GET /api/stats/overview → 200 (2.1ms) role=OPERATOR
2026-08-06 19:12:00 | INFO    | amr.request      | e5da7a98 | GET /api/stats/overview → 200 (1.7ms) role=OPERATOR
2026-08-06 19:12:00 | INFO    | amr.request      | 9b67170b | GET /api/stats/overview → 200 (1.4ms) role=OPERATOR
2026-08-06 19:12:30 | INFO    | amr.request      | ee49eea9 | GET /api/stats/overview → 200 (3.1ms) role=OPERATOR
2026-08-06 19:12:30 | INFO    | amr.request      | f840e927 | GET /api/stats/overview → 200 (1.4ms) role=OPERATOR
2026-08-06 19:12:30 | INFO    | amr.request      | 3ac7dee9 | GET /api/stats/overview → 200 (1.0ms) role=OPERATOR
2026-08-06 19:12:30 | INFO    | amr.request      | d451cc3f | GET /api/stats/overview → 200 (1.2ms) role=OPERATOR
2026-08-06 19:13:00 | INFO    | amr.request      | 451949c8 | GET /api/stats/overview → 200 (3.2ms) role=OPERATOR
2026-08-06 19:13:00 | INFO    | amr.request      | 43c17489 | GET /api/stats/overview → 200 (1.3ms) role=OPERATOR
2026-08-06 19:13:00 | INFO    | amr.request      | 2e730bf5 | GET /api/stats/overview → 200 (1.4ms) role=OPERATOR
2026-08-06 19:13:00 | INFO    | amr.request      | 6552869c | GET /api/stats/overview → 200 (0.9ms) role=OPERATOR
2026-08-06 19:13:30 | INFO    | amr.request      | 35e651a4 | GET /api/stats/overview → 200 (2.1ms) role=OPERATOR
2026-08-06 19:13:30 | INFO    | amr.request      | 62bdeecd | GET /api/stats/overview → 200 (1.3ms) role=OPERATOR
2026-08-06 19:13:30 | INFO    | amr.request      | 011f8a89 | GET /api/stats/overview → 200 (1.1ms) role=OPERATOR
2026-08-06 19:13:30 | INFO    | amr.request      | 3072d1e6 | GET /api/stats/overview → 200 (1.0ms) role=OPERATOR
2026-08-06 19:14:00 | INFO    | amr.request      | 2ea8847e | GET /api/stats/overview → 200 (2.7ms) role=OPERATOR
2026-08-06 19:14:00 | INFO    | amr.request      | 06fb9653 | GET /api/stats/overview → 200 (1.5ms) role=OPERATOR
2026-08-06 19:14:00 | INFO    | amr.request      | 23aeadcc | GET /api/stats/overview → 200 (1.0ms) role=OPERATOR
2026-08-06 19:14:00 | INFO    | amr.request      | a406a1f4 | GET /api/stats/overview → 200 (1.0ms) role=OPERATOR
2026-08-06 19:14:30 | INFO    | amr.request      | bef3ec27 | GET /api/stats/overview → 200 (2.8ms) role=OPERATOR
2026-08-06 19:14:30 | INFO    | amr.request      | c8f0e4e4 | GET /api/stats/overview → 200 (1.3ms) role=OPERATOR
2026-08-06 19:14:30 | INFO    | amr.request      | c44fa2fc | GET /api/stats/overview → 200 (1.1ms) role=OPERATOR
2026-08-06 19:14:30 | INFO    | amr.request      | b4d57633 | GET /api/stats/overview → 200 (1.0ms) role=OPERATOR
2026-08-06 19:15:00 | INFO    | amr.request      | a33b47c4 | GET /api/stats/overview → 200 (2.9ms) role=OPERATOR
2026-08-06 19:15:00 | INFO    | amr.request      | e5f9f05d | GET /api/stats/overview → 200 (1.4ms) role=OPERATOR
2026-08-06 19:15:00 | INFO    | amr.request      | e46f0434 | GET /api/stats/overview → 200 (1.1ms) role=OPERATOR
2026-08-06 19:15:00 | INFO    | amr.request      | 57a79081 | GET /api/stats/overview → 200 (1.1ms) role=OPERATOR
2026-08-06 19:15:30 | INFO    | amr.request      | f9a41352 | GET /api/stats/overview → 200 (3.9ms) role=OPERATOR
2026-08-06 19:15:30 | INFO    | amr.request      | 20d26366 | GET /api/stats/overview → 200 (2.3ms) role=OPERATOR
2026-08-06 19:15:30 | INFO    | amr.request      | df296534 | GET /api/stats/overview → 200 (2.4ms) role=OPERATOR
2026-08-06 19:15:30 | INFO    | amr.request      | 085d2173 | GET /api/stats/overview → 200 (1.9ms) role=OPERATOR
2026-08-06 19:16:00 | INFO    | amr.request      | fe906ee6 | GET /api/stats/overview → 200 (3.1ms) role=OPERATOR
2026-08-06 19:16:00 | INFO    | amr.request      | 7d813552 | GET /api/stats/overview → 200 (1.5ms) role=OPERATOR
2026-08-06 19:16:00 | INFO    | amr.request      | 5ee1bb99 | GET /api/stats/overview → 200 (1.0ms) role=OPERATOR
2026-08-06 19:16:00 | INFO    | amr.request      | c6a47fed | GET /api/stats/overview → 200 (1.2ms) role=OPERATOR
2026-08-06 19:16:30 | INFO    | amr.request      | 4d24569a | GET /api/stats/overview → 200 (1.8ms) role=OPERATOR
2026-08-06 19:16:30 | INFO    | amr.request      | 5c82ca4a | GET /api/stats/overview → 200 (1.3ms) role=OPERATOR
2026-08-06 19:16:30 | INFO    | amr.request      | f38e40d6 | GET /api/stats/overview → 200 (1.1ms) role=OPERATOR
2026-08-06 19:16:30 | INFO    | amr.request      | af90c19e | GET /api/stats/overview → 200 (1.2ms) role=OPERATOR
2026-08-06 19:17:00 | INFO    | amr.request      | dcf6a00f | GET /api/stats/overview → 200 (2.0ms) role=OPERATOR
2026-08-06 19:17:00 | INFO    | amr.request      | b392a8b2 | GET /api/stats/overview → 200 (1.4ms) role=OPERATOR
2026-08-06 19:17:00 | INFO    | amr.request      | 2dcdcb98 | GET /api/stats/overview → 200 (1.0ms) role=OPERATOR
2026-08-06 19:17:00 | INFO    | amr.request      | 4241b9ba | GET /api/stats/overview → 200 (1.0ms) role=OPERATOR
2026-08-06 19:17:30 | INFO    | amr.request      | e5603518 | GET /api/stats/overview → 200 (2.3ms) role=OPERATOR
2026-08-06 19:17:30 | INFO    | amr.request      | 0a2d7841 | GET /api/stats/overview → 200 (1.4ms) role=OPERATOR
2026-08-06 19:17:30 | INFO    | amr.request      | 9ea1d53a | GET /api/stats/overview → 200 (1.4ms) role=OPERATOR
2026-08-06 19:17:30 | INFO    | amr.request      | 9cb804b0 | GET /api/stats/overview → 200 (1.2ms) role=OPERATOR
2026-08-06 19:18:00 | INFO    | amr.request      | 8a6b955a | OPTIONS /api/stats/overview → 200 (0.3ms) role=-
2026-08-06 19:18:00 | INFO    | amr.request      | 98ecb9c8 | OPTIONS /api/stats/overview → 200 (0.5ms) role=-
2026-08-06 19:18:00 | INFO    | amr.request      | 83f8cbde | OPTIONS /api/stats/overview → 200 (0.9ms) role=-
2026-08-06 19:18:00 | INFO    | amr.request      | c2316e40 | OPTIONS /api/stats/overview → 200 (1.1ms) role=-
2026-08-06 19:18:00 | INFO    | amr.request      | 108563bc | GET /api/stats/overview → 200 (2.6ms) role=OPERATOR
2026-08-06 19:18:00 | INFO    | amr.request      | 26ec22ac | GET /api/stats/overview → 200 (1.2ms) role=OPERATOR
2026-08-06 19:18:00 | INFO    | amr.request      | 7372ca05 | GET /api/stats/overview → 200 (1.2ms) role=OPERATOR
2026-08-06 19:18:00 | INFO    | amr.request      | fc60ccc9 | GET /api/stats/overview → 200 (1.1ms) role=OPERATOR
2026-08-06 19:18:30 | INFO    | amr.request      | c4aeadb3 | GET /api/stats/overview → 200 (1.9ms) role=OPERATOR
2026-08-06 19:18:30 | INFO    | amr.request      | 682fc842 | GET /api/stats/overview → 200 (1.5ms) role=OPERATOR
2026-08-06 19:18:30 | INFO    | amr.request      | a7a28fae | GET /api/stats/overview → 200 (1.1ms) role=OPERATOR
2026-08-06 19:18:30 | INFO    | amr.request      | db697c99 | GET /api/stats/overview → 200 (1.0ms) role=OPERATOR
2026-08-06 19:19:00 | INFO    | amr.request      | cf05e460 | GET /api/stats/overview → 200 (2.3ms) role=OPERATOR
2026-08-06 19:19:00 | INFO    | amr.request      | 27c5ed97 | GET /api/stats/overview → 200 (1.3ms) role=OPERATOR
2026-08-06 19:19:00 | INFO    | amr.request      | 51ea2d34 | GET /api/stats/overview → 200 (1.1ms) role=OPERATOR
2026-08-06 19:19:00 | INFO    | amr.request      | 1d562e2f | GET /api/stats/overview → 200 (1.1ms) role=OPERATOR
2026-08-06 19:19:30 | INFO    | amr.request      | 7bfab5d1 | GET /api/stats/overview → 200 (1.9ms) role=OPERATOR
2026-08-06 19:19:30 | INFO    | amr.request      | 03b4e000 | GET /api/stats/overview → 200 (1.3ms) role=OPERATOR
2026-08-06 19:19:30 | INFO    | amr.request      | 029de05c | GET /api/stats/overview → 200 (1.0ms) role=OPERATOR
2026-08-06 19:19:30 | INFO    | amr.request      | ac10d2fa | GET /api/stats/overview → 200 (1.0ms) role=OPERATOR
2026-08-06 19:20:00 | INFO    | amr.request      | 696a6653 | GET /api/stats/overview → 200 (2.0ms) role=OPERATOR
2026-08-06 19:20:00 | INFO    | amr.request      | 9449c9bc | GET /api/stats/overview → 200 (1.2ms) role=OPERATOR
2026-08-06 19:20:00 | INFO    | amr.request      | 436e996e | GET /api/stats/overview → 200 (1.3ms) role=OPERATOR
2026-08-06 19:20:00 | INFO    | amr.request      | 4a7ecfd9 | GET /api/stats/overview → 200 (1.0ms) role=OPERATOR
2026-08-06 19:20:30 | INFO    | amr.request      | 3c175948 | GET /api/stats/overview → 200 (2.7ms) role=OPERATOR
2026-08-06 19:20:30 | INFO    | amr.request      | 8f3fe007 | GET /api/stats/overview → 200 (1.4ms) role=OPERATOR
2026-08-06 19:20:30 | INFO    | amr.request      | c558758e | GET /api/stats/overview → 200 (1.4ms) role=OPERATOR
2026-08-06 19:20:30 | INFO    | amr.request      | 49de099d | GET /api/stats/overview → 200 (1.3ms) role=OPERATOR
2026-08-06 19:21:00 | INFO    | amr.request      | 7ad1853d | GET /api/stats/overview → 200 (1.9ms) role=OPERATOR
2026-08-06 19:21:00 | INFO    | amr.request      | fb776ab8 | GET /api/stats/overview → 200 (1.2ms) role=OPERATOR
2026-08-06 19:21:00 | INFO    | amr.request      | 40fda19a | GET /api/stats/overview → 200 (1.4ms) role=OPERATOR
2026-08-06 19:21:00 | INFO    | amr.request      | af1aa5fd | GET /api/stats/overview → 200 (1.0ms) role=OPERATOR
2026-08-06 19:21:30 | INFO    | amr.request      | 5b4e960a | GET /api/stats/overview → 200 (2.1ms) role=OPERATOR
2026-08-06 19:21:30 | INFO    | amr.request      | a2be99e9 | GET /api/stats/overview → 200 (1.2ms) role=OPERATOR
2026-08-06 19:21:30 | INFO    | amr.request      | 5e355d2c | GET /api/stats/overview → 200 (1.1ms) role=OPERATOR
2026-08-06 19:21:30 | INFO    | amr.request      | 40a07831 | GET /api/stats/overview → 200 (0.9ms) role=OPERATOR
2026-08-06 19:22:00 | INFO    | amr.request      | c56ab897 | GET /api/stats/overview → 200 (1.9ms) role=OPERATOR
2026-08-06 19:22:00 | INFO    | amr.request      | 7467e95d | GET /api/stats/overview → 200 (1.2ms) role=OPERATOR
2026-08-06 19:22:00 | INFO    | amr.request      | 1c88c328 | GET /api/stats/overview → 200 (1.2ms) role=OPERATOR
2026-08-06 19:22:00 | INFO    | amr.request      | ef0e997e | GET /api/stats/overview → 200 (1.0ms) role=OPERATOR
2026-08-06 19:22:30 | INFO    | amr.request      | d1b99dce | GET /api/stats/overview → 200 (2.1ms) role=OPERATOR
2026-08-06 19:22:30 | INFO    | amr.request      | c54d7e4b | GET /api/stats/overview → 200 (2.1ms) role=OPERATOR
2026-08-06 19:22:30 | INFO    | amr.request      | bafe76b1 | GET /api/stats/overview → 200 (1.4ms) role=OPERATOR
2026-08-06 19:22:30 | INFO    | amr.request      | 24a4c33c | GET /api/stats/overview → 200 (1.3ms) role=OPERATOR
2026-08-06 19:23:00 | INFO    | amr.request      | ae89e53f | GET /api/stats/overview → 200 (2.3ms) role=OPERATOR
2026-08-06 19:23:00 | INFO    | amr.request      | 8aecffa1 | GET /api/stats/overview → 200 (1.6ms) role=OPERATOR
2026-08-06 19:23:00 | INFO    | amr.request      | ef8652f3 | GET /api/stats/overview → 200 (1.6ms) role=OPERATOR
2026-08-06 19:23:00 | INFO    | amr.request      | ba573aea | GET /api/stats/overview → 200 (1.4ms) role=OPERATOR
2026-08-06 19:23:30 | INFO    | amr.request      | 83f321ee | GET /api/stats/overview → 200 (2.6ms) role=OPERATOR
2026-08-06 19:23:30 | INFO    | amr.request      | b624ddf8 | GET /api/stats/overview → 200 (1.8ms) role=OPERATOR
2026-08-06 19:23:30 | INFO    | amr.request      | f48ea4c6 | GET /api/stats/overview → 200 (1.8ms) role=OPERATOR
2026-08-06 19:23:30 | INFO    | amr.request      | cd6f0a42 | GET /api/stats/overview → 200 (1.7ms) role=OPERATOR
2026-08-06 19:24:00 | INFO    | amr.request      | 253d6550 | GET /api/stats/overview → 200 (2.4ms) role=OPERATOR
2026-08-06 19:24:00 | INFO    | amr.request      | 7eb7a5db | GET /api/stats/overview → 200 (1.2ms) role=OPERATOR
2026-08-06 19:24:00 | INFO    | amr.request      | 33a4dced | GET /api/stats/overview → 200 (1.0ms) role=OPERATOR
2026-08-06 19:24:00 | INFO    | amr.request      | 49ceec2a | GET /api/stats/overview → 200 (1.1ms) role=OPERATOR
2026-08-06 19:24:04 | INFO    | amr.request      | 5816ddd8 | OPTIONS /api/events/EV-20260806-0001/ack → 200 (0.1ms) role=-
2026-08-06 19:24:04 | INFO    | amr.request      | d9c5b0fa | POST /api/events/EV-20260806-0001/ack → 200 (6.4ms) role=OPERATOR
2026-08-06 19:24:19 | INFO    | amr.request      | 49ef7e53 | OPTIONS /api/events → 200 (0.5ms) role=-
2026-08-06 19:24:19 | INFO    | amr.request      | a0891c4f | OPTIONS /api/events → 200 (0.6ms) role=-
2026-08-06 19:24:19 | INFO    | amr.request      | c87af5e8 | GET /api/events → 200 (1.9ms) role=OPERATOR
2026-08-06 19:24:19 | INFO    | amr.request      | b2362d4e | GET /api/events → 200 (1.7ms) role=OPERATOR
2026-08-06 19:24:22 | INFO    | amr.request      | a93d2b09 | OPTIONS /api/equipment → 200 (0.3ms) role=-
2026-08-06 19:24:22 | INFO    | amr.request      | 91403259 | OPTIONS /api/equipment → 200 (0.4ms) role=-
2026-08-06 19:24:22 | INFO    | amr.request      | 4690f816 | GET /api/equipment → 200 (1.8ms) role=OPERATOR
2026-08-06 19:24:22 | INFO    | amr.request      | 7622c3a7 | GET /api/equipment → 200 (1.2ms) role=OPERATOR
2026-08-06 19:24:24 | INFO    | amr.request      | 996f95d1 | OPTIONS /api/stats/events → 200 (1.0ms) role=-
2026-08-06 19:24:24 | INFO    | amr.request      | 7f3e4ad1 | OPTIONS /api/priority/nodes → 200 (0.9ms) role=-
2026-08-06 19:24:24 | INFO    | amr.request      | 739eddc7 | OPTIONS /api/stats/events → 200 (1.2ms) role=-
2026-08-06 19:24:24 | INFO    | amr.request      | 8bc53170 | OPTIONS /api/priority/nodes → 200 (1.3ms) role=-
2026-08-06 19:24:24 | INFO    | amr.request      | 9cf18211 | GET /api/priority/nodes → 200 (7.5ms) role=OPERATOR
2026-08-06 19:24:24 | INFO    | amr.request      | ae3eb991 | GET /api/stats/events → 200 (8.1ms) role=OPERATOR
2026-08-06 19:24:24 | INFO    | amr.request      | 6ab4be93 | GET /api/stats/events → 200 (2.9ms) role=OPERATOR
2026-08-06 19:24:24 | INFO    | amr.request      | e1c99d54 | GET /api/priority/nodes → 200 (4.5ms) role=OPERATOR
2026-08-06 19:24:25 | INFO    | amr.request      | 0b7f8d71 | GET /api/events → 200 (2.2ms) role=OPERATOR
2026-08-06 19:24:25 | INFO    | amr.request      | 6b54337f | GET /api/events → 200 (1.9ms) role=OPERATOR
2026-08-06 19:24:26 | INFO    | amr.request      | adc57770 | OPTIONS /api/suppression/logs → 200 (0.3ms) role=-
2026-08-06 19:24:26 | INFO    | amr.request      | dcccccb0 | OPTIONS /api/suppression/logs → 200 (0.5ms) role=-
2026-08-06 19:24:26 | INFO    | amr.request      | 44a6da53 | GET /api/suppression/logs → 200 (6.2ms) role=OPERATOR
2026-08-06 19:24:26 | INFO    | amr.request      | cc9b92af | GET /api/suppression/logs → 200 (1.2ms) role=OPERATOR
2026-08-06 19:24:38 | INFO    | amr.request      | 203d7e33 | GET /api/events → 200 (2.1ms) role=OPERATOR
2026-08-06 19:24:38 | INFO    | amr.request      | 3167913a | GET /api/events → 200 (1.5ms) role=OPERATOR
2026-08-06 19:24:39 | INFO    | amr.request      | 7956549e | GET /api/stats/events → 200 (6.6ms) role=OPERATOR
2026-08-06 19:24:39 | INFO    | amr.request      | 46a7d8a6 | GET /api/priority/nodes → 200 (7.4ms) role=OPERATOR
2026-08-06 19:24:39 | INFO    | amr.request      | 281ede4b | GET /api/stats/events → 200 (3.9ms) role=OPERATOR
2026-08-06 19:24:39 | INFO    | amr.request      | ff54bb12 | GET /api/priority/nodes → 200 (6.8ms) role=OPERATOR
2026-08-06 19:24:43 | INFO    | amr.request      | 70eb8599 | GET /api/equipment → 200 (1.7ms) role=OPERATOR
2026-08-06 19:24:43 | INFO    | amr.request      | 7ce0e97c | GET /api/equipment → 200 (1.2ms) role=OPERATOR
2026-08-06 19:24:44 | INFO    | amr.request      | 66444063 | GET /api/stats/events → 200 (4.2ms) role=OPERATOR
2026-08-06 19:24:44 | INFO    | amr.request      | ecab6017 | GET /api/priority/nodes → 200 (6.9ms) role=OPERATOR
2026-08-06 19:24:44 | INFO    | amr.request      | 8a00d544 | GET /api/stats/events → 200 (3.3ms) role=OPERATOR
2026-08-06 19:24:44 | INFO    | amr.request      | ffbc94f5 | GET /api/priority/nodes → 200 (3.9ms) role=OPERATOR
2026-08-06 19:24:45 | INFO    | amr.request      | f7801e7d | GET /api/events → 200 (2.9ms) role=OPERATOR
2026-08-06 19:24:45 | INFO    | amr.request      | 05509857 | GET /api/events → 200 (1.9ms) role=OPERATOR
2026-08-06 19:24:46 | INFO    | amr.request      | 8edb02f7 | GET /api/suppression/logs → 200 (1.6ms) role=OPERATOR
2026-08-06 19:24:46 | INFO    | amr.request      | efa1a2e9 | GET /api/suppression/logs → 200 (1.1ms) role=OPERATOR
2026-08-06 19:24:46 | INFO    | amr.request      | 1404c3af | GET /api/equipment → 200 (2.3ms) role=OPERATOR
2026-08-06 19:24:46 | INFO    | amr.request      | 1b6afa19 | GET /api/equipment → 200 (1.5ms) role=OPERATOR
2026-08-06 19:24:47 | INFO    | amr.request      | 2c4b485f | GET /api/stats/overview → 200 (1.9ms) role=OPERATOR
2026-08-06 19:24:47 | INFO    | amr.request      | a89fe616 | GET /api/stats/overview → 200 (1.4ms) role=OPERATOR
2026-08-06 19:24:47 | INFO    | amr.request      | f0004f11 | GET /api/stats/overview → 200 (1.1ms) role=OPERATOR
2026-08-06 19:24:47 | INFO    | amr.request      | 4ba6127f | GET /api/stats/overview → 200 (1.2ms) role=OPERATOR
2026-08-06 19:24:47 | INFO    | amr.request      | 28fcfd63 | GET /api/stats/overview → 200 (1.0ms) role=OPERATOR
2026-08-06 19:24:47 | INFO    | amr.request      | ff893956 | GET /api/stats/overview → 200 (1.7ms) role=OPERATOR
2026-08-06 19:24:47 | INFO    | amr.request      | 8c5d8e50 | GET /api/stats/overview → 200 (1.3ms) role=OPERATOR
2026-08-06 19:24:47 | INFO    | amr.request      | 5fad9e0d | GET /api/stats/overview → 200 (1.3ms) role=OPERATOR
2026-08-06 19:25:09 | INFO    | amr.request      | 738d6c0d | GET /api/suppression/logs → 200 (1.6ms) role=OPERATOR
2026-08-06 19:25:09 | INFO    | amr.request      | c461753f | GET /api/suppression/logs → 200 (1.2ms) role=OPERATOR
2026-08-06 19:25:09 | INFO    | amr.request      | 565977bc | GET /api/events → 200 (2.1ms) role=OPERATOR
2026-08-06 19:25:09 | INFO    | amr.request      | 6bcdca60 | GET /api/events → 200 (1.3ms) role=OPERATOR
2026-08-06 19:25:10 | INFO    | amr.request      | e0ba5bcd | GET /api/stats/events → 200 (3.1ms) role=OPERATOR
2026-08-06 19:25:10 | INFO    | amr.request      | 49961fd5 | GET /api/stats/events → 200 (2.7ms) role=OPERATOR
2026-08-06 19:25:10 | INFO    | amr.request      | 6dd213a5 | GET /api/priority/nodes → 200 (7.3ms) role=OPERATOR
2026-08-06 19:25:10 | INFO    | amr.request      | a8e49e46 | GET /api/priority/nodes → 200 (2.6ms) role=OPERATOR
2026-08-06 19:25:11 | INFO    | amr.request      | 8c5ac553 | GET /api/equipment → 200 (2.2ms) role=OPERATOR
2026-08-06 19:25:11 | INFO    | amr.request      | 72d620f4 | GET /api/equipment → 200 (1.3ms) role=OPERATOR
2026-08-06 19:25:11 | INFO    | amr.request      | 251a7163 | GET /api/stats/overview → 200 (1.9ms) role=OPERATOR
2026-08-06 19:25:11 | INFO    | amr.request      | 77ef3928 | GET /api/stats/overview → 200 (1.2ms) role=OPERATOR
2026-08-06 19:25:11 | INFO    | amr.request      | 95bf9b10 | GET /api/stats/overview → 200 (1.2ms) role=OPERATOR
2026-08-06 19:25:11 | INFO    | amr.request      | 42a0427c | GET /api/stats/overview → 200 (0.9ms) role=OPERATOR
2026-08-06 19:25:11 | INFO    | amr.request      | a2776bb3 | GET /api/stats/overview → 200 (1.4ms) role=OPERATOR
2026-08-06 19:25:11 | INFO    | amr.request      | fef1af43 | GET /api/stats/overview → 200 (1.2ms) role=OPERATOR
2026-08-06 19:25:11 | INFO    | amr.request      | 8e6a0460 | GET /api/stats/overview → 200 (1.0ms) role=OPERATOR
2026-08-06 19:25:11 | INFO    | amr.request      | fcb357c6 | GET /api/stats/overview → 200 (1.1ms) role=OPERATOR
2026-08-06 19:25:41 | INFO    | amr.request      | 6a7c0c7f | GET /api/stats/overview → 200 (2.4ms) role=OPERATOR
2026-08-06 19:25:41 | INFO    | amr.request      | 0391cb41 | GET /api/stats/overview → 200 (1.6ms) role=OPERATOR
2026-08-06 19:25:41 | INFO    | amr.request      | cc6a2af7 | GET /api/stats/overview → 200 (1.2ms) role=OPERATOR
2026-08-06 19:25:41 | INFO    | amr.request      | 7d021247 | GET /api/stats/overview → 200 (1.0ms) role=OPERATOR
2026-08-06 19:26:11 | INFO    | amr.request      | 9eb3dcd8 | GET /api/stats/overview → 200 (2.4ms) role=OPERATOR
2026-08-06 19:26:11 | INFO    | amr.request      | 35e18faa | GET /api/stats/overview → 200 (1.4ms) role=OPERATOR
2026-08-06 19:26:11 | INFO    | amr.request      | 1ea624e1 | GET /api/stats/overview → 200 (1.3ms) role=OPERATOR
2026-08-06 19:26:11 | INFO    | amr.request      | d0430de6 | GET /api/stats/overview → 200 (1.6ms) role=OPERATOR
2026-08-06 19:26:41 | INFO    | amr.request      | a1517354 | GET /api/stats/overview → 200 (2.4ms) role=OPERATOR
2026-08-06 19:26:41 | INFO    | amr.request      | 3f0e6a42 | GET /api/stats/overview → 200 (1.4ms) role=OPERATOR
2026-08-06 19:26:41 | INFO    | amr.request      | b61998a8 | GET /api/stats/overview → 200 (1.2ms) role=OPERATOR
2026-08-06 19:26:41 | INFO    | amr.request      | f4e3c4e8 | GET /api/stats/overview → 200 (1.2ms) role=OPERATOR
2026-08-06 19:27:11 | INFO    | amr.request      | a61b9595 | GET /api/stats/overview → 200 (2.0ms) role=OPERATOR
2026-08-06 19:27:11 | INFO    | amr.request      | 3135f125 | GET /api/stats/overview → 200 (1.2ms) role=OPERATOR
2026-08-06 19:27:11 | INFO    | amr.request      | 789b842e | GET /api/stats/overview → 200 (1.1ms) role=OPERATOR
2026-08-06 19:27:11 | INFO    | amr.request      | 4838f410 | GET /api/stats/overview → 200 (1.0ms) role=OPERATOR
2026-08-06 19:27:41 | INFO    | amr.request      | 317be2f6 | GET /api/stats/overview → 200 (2.1ms) role=OPERATOR
2026-08-06 19:27:41 | INFO    | amr.request      | 47d05e10 | GET /api/stats/overview → 200 (1.3ms) role=OPERATOR
2026-08-06 19:27:41 | INFO    | amr.request      | 04826a31 | GET /api/stats/overview → 200 (1.1ms) role=OPERATOR
2026-08-06 19:27:41 | INFO    | amr.request      | 64f51dfb | GET /api/stats/overview → 200 (1.0ms) role=OPERATOR
2026-08-06 19:28:11 | INFO    | amr.request      | ddc07f39 | OPTIONS /api/stats/overview → 200 (0.2ms) role=-
2026-08-06 19:28:11 | INFO    | amr.request      | ac1568ef | OPTIONS /api/stats/overview → 200 (0.4ms) role=-
2026-08-06 19:28:12 | INFO    | amr.request      | 2fec2587 | GET /api/stats/overview → 200 (1.9ms) role=OPERATOR
2026-08-06 19:28:12 | INFO    | amr.request      | 5fbe328f | GET /api/stats/overview → 200 (1.3ms) role=OPERATOR
2026-08-06 19:28:12 | INFO    | amr.request      | f9b30f44 | GET /api/stats/overview → 200 (1.1ms) role=OPERATOR
2026-08-06 19:28:12 | INFO    | amr.request      | aa7a182b | GET /api/stats/overview → 200 (1.2ms) role=OPERATOR
2026-08-06 19:28:41 | INFO    | amr.request      | 05a4f0eb | GET /api/stats/overview → 200 (2.0ms) role=OPERATOR
2026-08-06 19:28:42 | INFO    | amr.request      | e20d01a1 | GET /api/stats/overview → 200 (1.3ms) role=OPERATOR
2026-08-06 19:28:42 | INFO    | amr.request      | 837fcc6a | GET /api/stats/overview → 200 (0.9ms) role=OPERATOR
2026-08-06 19:28:42 | INFO    | amr.request      | 7d8fde34 | GET /api/stats/overview → 200 (0.9ms) role=OPERATOR
2026-08-06 19:30:01 | INFO    | amr.request      | 144052d6 | GET /api/stats/overview → 200 (3.2ms) role=OPERATOR
2026-08-06 19:30:01 | INFO    | amr.request      | b22bcc52 | GET /api/stats/overview → 200 (2.7ms) role=OPERATOR
2026-08-06 19:30:01 | INFO    | amr.request      | 80fcd68c | GET /api/stats/overview → 200 (2.6ms) role=OPERATOR
2026-08-06 19:30:01 | INFO    | amr.request      | 978759e2 | GET /api/stats/overview → 200 (1.8ms) role=OPERATOR
2026-08-06 19:31:01 | INFO    | amr.request      | f09a8001 | GET /api/stats/overview → 200 (1.8ms) role=OPERATOR
2026-08-06 19:31:01 | INFO    | amr.request      | 4d35feb6 | GET /api/stats/overview → 200 (1.7ms) role=OPERATOR
2026-08-06 19:31:01 | INFO    | amr.request      | 4fa1d069 | GET /api/stats/overview → 200 (1.3ms) role=OPERATOR
2026-08-06 19:31:01 | INFO    | amr.request      | 914ef23b | GET /api/stats/overview → 200 (2.1ms) role=OPERATOR
2026-08-06 19:32:01 | INFO    | amr.request      | bda07352 | GET /api/stats/overview → 200 (2.5ms) role=OPERATOR
2026-08-06 19:32:01 | INFO    | amr.request      | 55a9f676 | GET /api/stats/overview → 200 (1.8ms) role=OPERATOR
2026-08-06 19:32:01 | INFO    | amr.request      | 56573165 | GET /api/stats/overview → 200 (2.1ms) role=OPERATOR
2026-08-06 19:32:01 | INFO    | amr.request      | 2a06b8e3 | GET /api/stats/overview → 200 (2.7ms) role=OPERATOR
2026-08-06 19:33:01 | INFO    | amr.request      | 8e814b46 | GET /api/stats/overview → 200 (3.3ms) role=OPERATOR
2026-08-06 19:33:01 | INFO    | amr.request      | 23066fe5 | GET /api/stats/overview → 200 (2.5ms) role=OPERATOR
2026-08-06 19:33:01 | INFO    | amr.request      | dd716a31 | GET /api/stats/overview → 200 (2.6ms) role=OPERATOR
2026-08-06 19:33:01 | INFO    | amr.request      | 9e9ce4b6 | GET /api/stats/overview → 200 (2.1ms) role=OPERATOR
2026-08-06 19:34:01 | INFO    | amr.request      | 46a3c17c | GET /api/stats/overview → 200 (3.7ms) role=OPERATOR
2026-08-06 19:34:01 | INFO    | amr.request      | 7dc0f854 | GET /api/stats/overview → 200 (2.6ms) role=OPERATOR
2026-08-06 19:34:01 | INFO    | amr.request      | fd48a82e | GET /api/stats/overview → 200 (3.1ms) role=OPERATOR
2026-08-06 19:34:01 | INFO    | amr.request      | e273579c | GET /api/stats/overview → 200 (2.6ms) role=OPERATOR
2026-08-06 19:35:01 | INFO    | amr.request      | be395661 | GET /api/stats/overview → 200 (1.9ms) role=OPERATOR
2026-08-06 19:35:01 | INFO    | amr.request      | 345f5522 | GET /api/stats/overview → 200 (1.9ms) role=OPERATOR
2026-08-06 19:35:01 | INFO    | amr.request      | 15d585da | GET /api/stats/overview → 200 (2.2ms) role=OPERATOR
2026-08-06 19:35:01 | INFO    | amr.request      | 5c63d885 | GET /api/stats/overview → 200 (1.9ms) role=OPERATOR
2026-08-06 19:35:22 | INFO    | amr.request      | fc61af01 | GET /api/stats/overview → 200 (2.6ms) role=OPERATOR
2026-08-06 19:35:22 | INFO    | amr.request      | 671a2a2c | GET /api/stats/overview → 200 (2.1ms) role=OPERATOR
2026-08-06 19:35:22 | INFO    | amr.request      | b60a4dec | GET /api/stats/overview → 200 (1.5ms) role=OPERATOR
2026-08-06 19:35:22 | INFO    | amr.request      | 3c8af25a | GET /api/stats/overview → 200 (1.2ms) role=OPERATOR
2026-08-06 19:35:35 | INFO    | amr.request      | 64c4a76d | OPTIONS /api/equipment → 200 (0.2ms) role=-
2026-08-06 19:35:35 | INFO    | amr.request      | 8fcc9c02 | OPTIONS /api/equipment → 200 (0.4ms) role=-
2026-08-06 19:35:35 | INFO    | amr.request      | eeb153b6 | GET /api/equipment → 200 (2.1ms) role=OPERATOR
2026-08-06 19:35:35 | INFO    | amr.request      | 457b3a6c | GET /api/equipment → 200 (1.5ms) role=OPERATOR
2026-08-06 19:35:41 | INFO    | amr.request      | df922b1e | OPTIONS /api/stats/events → 200 (0.6ms) role=-
2026-08-06 19:35:41 | INFO    | amr.request      | 053fb86a | OPTIONS /api/priority/nodes → 200 (0.7ms) role=-
2026-08-06 19:35:41 | INFO    | amr.request      | eceeca49 | OPTIONS /api/stats/events → 200 (0.8ms) role=-
2026-08-06 19:35:41 | INFO    | amr.request      | 1525bf43 | OPTIONS /api/priority/nodes → 200 (0.7ms) role=-
2026-08-06 19:35:41 | INFO    | amr.request      | 02d30618 | GET /api/priority/nodes → 200 (5.0ms) role=OPERATOR
2026-08-06 19:35:41 | INFO    | amr.request      | b9ded9fb | GET /api/stats/events → 200 (5.8ms) role=OPERATOR
2026-08-06 19:35:41 | INFO    | amr.request      | e81528a9 | GET /api/stats/events → 200 (4.4ms) role=OPERATOR
2026-08-06 19:35:41 | INFO    | amr.request      | e26c7000 | GET /api/priority/nodes → 200 (5.8ms) role=OPERATOR
2026-08-06 19:35:46 | INFO    | amr.request      | 290a1680 | OPTIONS /api/events → 200 (0.3ms) role=-
2026-08-06 19:35:46 | INFO    | amr.request      | 4d378841 | OPTIONS /api/events → 200 (0.5ms) role=-
2026-08-06 19:35:46 | INFO    | amr.request      | 2b66e9bd | GET /api/events → 200 (2.0ms) role=OPERATOR
2026-08-06 19:35:46 | INFO    | amr.request      | 328a367c | GET /api/events → 200 (1.3ms) role=OPERATOR
2026-08-06 19:35:50 | INFO    | amr.request      | b4068580 | OPTIONS /api/suppression/logs → 200 (0.3ms) role=-
2026-08-06 19:35:50 | INFO    | amr.request      | 217314e5 | OPTIONS /api/suppression/logs → 200 (0.4ms) role=-
2026-08-06 19:35:50 | INFO    | amr.request      | 8b9badbf | GET /api/suppression/logs → 200 (1.4ms) role=OPERATOR
2026-08-06 19:35:50 | INFO    | amr.request      | 7fefe89b | GET /api/suppression/logs → 200 (1.1ms) role=OPERATOR
2026-08-06 19:35:55 | INFO    | amr.request      | 876e2049 | GET /api/stats/overview → 200 (2.2ms) role=OPERATOR
2026-08-06 19:35:55 | INFO    | amr.request      | b104878c | GET /api/stats/overview → 200 (1.2ms) role=OPERATOR
2026-08-06 19:35:55 | INFO    | amr.request      | fd69da88 | GET /api/stats/overview → 200 (1.0ms) role=OPERATOR
2026-08-06 19:35:55 | INFO    | amr.request      | 71a5e8b0 | GET /api/stats/overview → 200 (1.0ms) role=OPERATOR
2026-08-06 19:35:55 | INFO    | amr.request      | 812e7843 | GET /api/stats/overview → 200 (1.0ms) role=OPERATOR
2026-08-06 19:35:55 | INFO    | amr.request      | b65b97ba | GET /api/stats/overview → 200 (1.2ms) role=OPERATOR
2026-08-06 19:35:55 | INFO    | amr.request      | 9c7d543c | GET /api/stats/overview → 200 (1.3ms) role=OPERATOR
2026-08-06 19:35:55 | INFO    | amr.request      | 97a982b4 | GET /api/stats/overview → 200 (1.0ms) role=OPERATOR
2026-08-06 19:36:25 | INFO    | amr.request      | ae18120f | GET /api/stats/overview → 200 (2.2ms) role=OPERATOR
2026-08-06 19:36:25 | INFO    | amr.request      | ffd64834 | GET /api/stats/overview → 200 (1.5ms) role=OPERATOR
2026-08-06 19:36:25 | INFO    | amr.request      | 2dbbfed5 | GET /api/stats/overview → 200 (1.5ms) role=OPERATOR
2026-08-06 19:36:25 | INFO    | amr.request      | f12c58e6 | GET /api/stats/overview → 200 (1.2ms) role=OPERATOR
2026-08-06 19:36:55 | INFO    | amr.request      | c16a6641 | GET /api/stats/overview → 200 (2.5ms) role=OPERATOR
2026-08-06 19:36:55 | INFO    | amr.request      | 03b3ba46 | GET /api/stats/overview → 200 (1.8ms) role=OPERATOR
2026-08-06 19:36:55 | INFO    | amr.request      | bdb27d37 | GET /api/stats/overview → 200 (1.6ms) role=OPERATOR
2026-08-06 19:36:55 | INFO    | amr.request      | b7e25cec | GET /api/stats/overview → 200 (2.0ms) role=OPERATOR
2026-08-06 19:37:25 | INFO    | amr.request      | 32767a61 | GET /api/stats/overview → 200 (2.0ms) role=OPERATOR
2026-08-06 19:37:25 | INFO    | amr.request      | 0a4f671d | GET /api/stats/overview → 200 (1.2ms) role=OPERATOR
2026-08-06 19:37:25 | INFO    | amr.request      | 41e49fdd | GET /api/stats/overview → 200 (1.3ms) role=OPERATOR
2026-08-06 19:37:25 | INFO    | amr.request      | b973a995 | GET /api/stats/overview → 200 (1.0ms) role=OPERATOR
2026-08-06 19:37:55 | INFO    | amr.request      | c80686dc | GET /api/stats/overview → 200 (2.1ms) role=OPERATOR
2026-08-06 19:37:55 | INFO    | amr.request      | 75d745d3 | GET /api/stats/overview → 200 (2.8ms) role=OPERATOR
2026-08-06 19:37:55 | INFO    | amr.request      | b5a86993 | GET /api/stats/overview → 200 (1.5ms) role=OPERATOR
2026-08-06 19:37:55 | INFO    | amr.request      | ba70ea6b | GET /api/stats/overview → 200 (2.4ms) role=OPERATOR
2026-08-06 19:38:25 | INFO    | amr.request      | c33d676a | OPTIONS /api/stats/overview → 200 (0.4ms) role=-
2026-08-06 19:38:25 | INFO    | amr.request      | 2dfb73d2 | OPTIONS /api/stats/overview → 200 (0.5ms) role=-
2026-08-06 19:38:25 | INFO    | amr.request      | 06eaf6d9 | OPTIONS /api/stats/overview → 200 (0.6ms) role=-
2026-08-06 19:38:25 | INFO    | amr.request      | b743b704 | OPTIONS /api/stats/overview → 200 (0.6ms) role=-
2026-08-06 19:38:25 | INFO    | amr.request      | dbceebd8 | GET /api/stats/overview → 200 (2.0ms) role=OPERATOR
2026-08-06 19:38:25 | INFO    | amr.request      | 4914bc73 | GET /api/stats/overview → 200 (1.8ms) role=OPERATOR
2026-08-06 19:38:25 | INFO    | amr.request      | 6c15d4b5 | GET /api/stats/overview → 200 (1.9ms) role=OPERATOR
2026-08-06 19:38:25 | INFO    | amr.request      | 6c00ab0f | GET /api/stats/overview → 200 (1.4ms) role=OPERATOR
2026-08-06 19:38:55 | INFO    | amr.request      | 613da638 | GET /api/stats/overview → 200 (3.2ms) role=OPERATOR
2026-08-06 19:38:55 | INFO    | amr.request      | 08a80589 | GET /api/stats/overview → 200 (2.0ms) role=OPERATOR
2026-08-06 19:38:55 | INFO    | amr.request      | cdfc55c3 | GET /api/stats/overview → 200 (1.4ms) role=OPERATOR
2026-08-06 19:38:55 | INFO    | amr.request      | 8dcc0a84 | GET /api/stats/overview → 200 (1.5ms) role=OPERATOR
2026-08-06 19:39:25 | INFO    | amr.request      | 21684e5a | GET /api/stats/overview → 200 (1.8ms) role=OPERATOR
2026-08-06 19:39:25 | INFO    | amr.request      | 2e2d7780 | GET /api/stats/overview → 200 (1.5ms) role=OPERATOR
2026-08-06 19:39:25 | INFO    | amr.request      | 1253693c | GET /api/stats/overview → 200 (1.2ms) role=OPERATOR
2026-08-06 19:39:25 | INFO    | amr.request      | 325b364e | GET /api/stats/overview → 200 (1.0ms) role=OPERATOR
2026-08-06 19:39:55 | INFO    | amr.request      | a578eb0f | GET /api/stats/overview → 200 (3.0ms) role=OPERATOR
2026-08-06 19:39:55 | INFO    | amr.request      | 908b3139 | GET /api/stats/overview → 200 (2.0ms) role=OPERATOR
2026-08-06 19:39:55 | INFO    | amr.request      | d9823e58 | GET /api/stats/overview → 200 (2.1ms) role=OPERATOR
2026-08-06 19:39:55 | INFO    | amr.request      | 25f51c81 | GET /api/stats/overview → 200 (1.7ms) role=OPERATOR
2026-08-06 19:40:25 | INFO    | amr.request      | b606adb0 | GET /api/stats/overview → 200 (2.5ms) role=OPERATOR
2026-08-06 19:40:25 | INFO    | amr.request      | a5d9c66c | GET /api/stats/overview → 200 (1.6ms) role=OPERATOR
2026-08-06 19:40:25 | INFO    | amr.request      | 7f3c3d5c | GET /api/stats/overview → 200 (1.4ms) role=OPERATOR
2026-08-06 19:40:25 | INFO    | amr.request      | 38346b0e | GET /api/stats/overview → 200 (1.4ms) role=OPERATOR
2026-08-06 19:40:55 | INFO    | amr.request      | 25aad7b0 | GET /api/stats/overview → 200 (2.7ms) role=OPERATOR
2026-08-06 19:40:55 | INFO    | amr.request      | db42fcc7 | GET /api/stats/overview → 200 (1.4ms) role=OPERATOR
2026-08-06 19:40:55 | INFO    | amr.request      | 8053f071 | GET /api/stats/overview → 200 (1.1ms) role=OPERATOR
2026-08-06 19:40:55 | INFO    | amr.request      | 6e6185be | GET /api/stats/overview → 200 (1.1ms) role=OPERATOR
2026-08-06 19:41:25 | INFO    | amr.request      | a51f90c1 | GET /api/stats/overview → 200 (2.4ms) role=OPERATOR
2026-08-06 19:41:26 | INFO    | amr.request      | ac7488af | GET /api/stats/overview → 200 (1.6ms) role=OPERATOR
2026-08-06 19:41:26 | INFO    | amr.request      | 77a203f3 | GET /api/stats/overview → 200 (1.1ms) role=OPERATOR
2026-08-06 19:41:26 | INFO    | amr.request      | 585de6fe | GET /api/stats/overview → 200 (1.8ms) role=OPERATOR
2026-08-06 19:41:55 | INFO    | amr.request      | bf1cd905 | GET /api/stats/overview → 200 (1.9ms) role=OPERATOR
2026-08-06 19:41:56 | INFO    | amr.request      | e65f6a29 | GET /api/stats/overview → 200 (1.4ms) role=OPERATOR
2026-08-06 19:41:56 | INFO    | amr.request      | 00d3571a | GET /api/stats/overview → 200 (1.2ms) role=OPERATOR
2026-08-06 19:41:56 | INFO    | amr.request      | bae8481e | GET /api/stats/overview → 200 (1.2ms) role=OPERATOR
2026-08-06 19:42:23 | INFO    | amr.ws           | -        | WS 해제 — 현재 1개 연결
2026-08-06 19:42:23 | INFO    | amr.ws           | -        | WS 해제 — 현재 0개 연결
2026-08-06 19:42:24 | INFO    | amr.ws           | -        | 브로드캐스트 소비 루프 종료
2026-08-06 19:42:24 | INFO    | amr.main         | -        | 서버 종료
2026-08-06 20:10:56 | INFO    | amr.main         | -        | ======================================================================
2026-08-06 20:10:56 | INFO    | amr.main         | -        | AMR 순찰·이상감지 관제 API v1.0.0 기동
2026-08-06 20:10:56 | INFO    | amr.db           | -        | DB 초기화 완료 — 테이블 20개 (sqlite:////home/rokey/DBcenter-PT-Bot/hmi/backend/data/amr.db)
2026-08-06 20:10:56 | INFO    | amr.main         | -        | REST 14개 라우터 · WS /ws/monitor 준비 완료
2026-08-06 20:10:56 | INFO    | amr.main         | -        | ======================================================================
2026-08-06 20:10:56 | INFO    | amr.ws           | -        | 브로드캐스트 소비 루프 시작
2026-08-06 20:11:00 | INFO    | amr.request      | 77686f59 | GET /api/robots → 200 (30.7ms) role=-
2026-08-06 20:11:00 | WARNING | amr.request      | 122c868a | GET / → 404 (38.9ms) role=-
2026-08-06 20:14:05 | INFO    | amr.ws           | -        | WS 접속 — 현재 1개 연결
2026-08-06 20:14:05 | INFO    | amr.ws           | -        | WS 접속 — 현재 2개 연결
2026-08-06 20:14:06 | INFO    | amr.ws           | -        | WS 접속 — 현재 3개 연결
2026-08-06 20:14:11 | INFO    | amr.ws           | -        | WS 해제 — 현재 2개 연결
2026-08-06 20:14:11 | INFO    | amr.ws           | -        | WS 해제 — 현재 1개 연결
2026-08-06 20:14:11 | INFO    | amr.ws           | -        | WS 접속 — 현재 2개 연결
2026-08-06 20:14:11 | INFO    | amr.ws           | -        | WS 접속 — 현재 3개 연결
2026-08-06 20:14:12 | INFO    | amr.ws           | -        | WS 해제 — 현재 2개 연결
2026-08-06 20:14:12 | INFO    | amr.ws           | -        | WS 접속 — 현재 3개 연결
2026-08-06 20:14:20 | INFO    | amr.ws           | -        | WS 해제 — 현재 2개 연결
2026-08-06 20:14:20 | INFO    | amr.ws           | -        | WS 접속 — 현재 3개 연결
2026-08-06 20:14:20 | INFO    | amr.ws           | -        | WS 해제 — 현재 2개 연결
2026-08-06 20:14:20 | INFO    | amr.ws           | -        | WS 접속 — 현재 3개 연결
2026-08-06 20:14:21 | INFO    | amr.ws           | -        | WS 해제 — 현재 2개 연결
2026-08-06 20:14:21 | INFO    | amr.ws           | -        | WS 접속 — 현재 3개 연결
2026-08-06 20:14:32 | INFO    | amr.ws           | -        | WS 해제 — 현재 2개 연결
2026-08-06 20:14:32 | INFO    | amr.ws           | -        | WS 접속 — 현재 3개 연결
2026-08-06 20:14:32 | INFO    | amr.ws           | -        | WS 해제 — 현재 2개 연결
2026-08-06 20:14:32 | INFO    | amr.ws           | -        | WS 접속 — 현재 3개 연결
2026-08-06 20:14:33 | INFO    | amr.ws           | -        | WS 해제 — 현재 2개 연결
2026-08-06 20:14:33 | INFO    | amr.ws           | -        | WS 접속 — 현재 3개 연결
2026-08-06 20:14:40 | INFO    | amr.ws           | -        | WS 해제 — 현재 2개 연결
2026-08-06 20:14:40 | INFO    | amr.ws           | -        | WS 해제 — 현재 1개 연결
2026-08-06 20:14:40 | INFO    | amr.ws           | -        | WS 접속 — 현재 2개 연결
2026-08-06 20:14:40 | INFO    | amr.ws           | -        | WS 접속 — 현재 3개 연결
2026-08-06 20:14:41 | INFO    | amr.ws           | -        | WS 해제 — 현재 2개 연결
2026-08-06 20:14:41 | INFO    | amr.ws           | -        | WS 접속 — 현재 3개 연결
2026-08-06 20:14:49 | INFO    | amr.ws           | -        | WS 해제 — 현재 2개 연결
2026-08-06 20:14:49 | INFO    | amr.request      | 92cbd528 | GET /api/stats/overview → 200 (4.5ms) role=-
2026-08-06 20:14:49 | INFO    | amr.request      | 8ab5eea9 | GET /api/stats/overview → 200 (1.4ms) role=-
2026-08-06 20:14:49 | INFO    | amr.ws           | -        | WS 해제 — 현재 1개 연결
2026-08-06 20:14:49 | INFO    | amr.ws           | -        | WS 접속 — 현재 2개 연결
2026-08-06 20:14:49 | INFO    | amr.ws           | -        | WS 접속 — 현재 3개 연결
2026-08-06 20:14:49 | INFO    | amr.ws           | -        | WS 해제 — 현재 2개 연결
2026-08-06 20:14:49 | INFO    | amr.request      | 88636db3 | GET /api/stats/overview → 200 (5.4ms) role=-
2026-08-06 20:14:49 | INFO    | amr.request      | 857eed3f | GET /api/stats/overview → 200 (1.3ms) role=-
2026-08-06 20:14:49 | INFO    | amr.ws           | -        | WS 접속 — 현재 3개 연결
2026-08-06 20:14:49 | INFO    | amr.ws           | -        | WS 해제 — 현재 2개 연결
2026-08-06 20:14:50 | INFO    | amr.ws           | -        | WS 접속 — 현재 3개 연결
2026-08-06 20:14:50 | INFO    | amr.request      | 904bb9d7 | GET /api/stats/overview → 200 (6.9ms) role=-
2026-08-06 20:14:50 | INFO    | amr.request      | 2dbb0abc | GET /api/stats/overview → 200 (1.2ms) role=-
2026-08-06 20:14:57 | INFO    | amr.ws           | -        | WS 해제 — 현재 2개 연결
2026-08-06 20:14:57 | INFO    | amr.ws           | -        | WS 해제 — 현재 1개 연결
2026-08-06 20:14:57 | INFO    | amr.ws           | -        | WS 접속 — 현재 2개 연결
2026-08-06 20:14:57 | INFO    | amr.ws           | -        | WS 접속 — 현재 3개 연결
2026-08-06 20:14:57 | INFO    | amr.request      | 04c5249c | GET /api/stats/overview → 200 (6.9ms) role=-
2026-08-06 20:14:57 | INFO    | amr.request      | ef0cba6d | GET /api/stats/overview → 200 (13.4ms) role=-
2026-08-06 20:14:58 | INFO    | amr.ws           | -        | WS 해제 — 현재 2개 연결
2026-08-06 20:14:58 | INFO    | amr.ws           | -        | WS 접속 — 현재 3개 연결
2026-08-06 20:14:58 | INFO    | amr.request      | b4e74d6d | GET /api/stats/overview → 200 (4.6ms) role=-
2026-08-06 20:15:27 | INFO    | amr.request      | 6bd05cbc | GET /api/stats/overview → 200 (2.1ms) role=-
2026-08-06 20:15:27 | INFO    | amr.request      | de469a49 | GET /api/stats/overview → 200 (2.1ms) role=-
2026-08-06 20:15:28 | INFO    | amr.request      | da55e783 | GET /api/stats/overview → 200 (1.9ms) role=-
2026-08-06 20:15:57 | INFO    | amr.request      | 98d3db02 | GET /api/stats/overview → 200 (3.3ms) role=-
2026-08-06 20:15:57 | INFO    | amr.request      | cb731201 | GET /api/stats/overview → 200 (4.1ms) role=-
2026-08-06 20:15:58 | INFO    | amr.request      | f6594d4c | GET /api/stats/overview → 200 (2.0ms) role=-
2026-08-06 20:16:06 | INFO    | amr.ws           | -        | WS 해제 — 현재 2개 연결
2026-08-06 20:16:06 | INFO    | amr.ws           | -        | WS 접속 — 현재 3개 연결
2026-08-06 20:16:06 | INFO    | amr.ws           | -        | WS 해제 — 현재 2개 연결
2026-08-06 20:16:06 | INFO    | amr.ws           | -        | WS 접속 — 현재 3개 연결
2026-08-06 20:16:06 | INFO    | amr.request      | 32c5ddf8 | GET /api/stats/overview → 200 (10.6ms) role=-
2026-08-06 20:16:06 | INFO    | amr.request      | 9c1ec536 | GET /api/stats/overview → 200 (3.0ms) role=-
2026-08-06 20:16:07 | INFO    | amr.ws           | -        | WS 해제 — 현재 2개 연결
2026-08-06 20:16:07 | INFO    | amr.ws           | -        | WS 접속 — 현재 3개 연결
2026-08-06 20:16:07 | INFO    | amr.request      | 4e73b1cf | GET /api/stats/overview → 200 (4.1ms) role=-
2026-08-06 20:16:24 | INFO    | amr.ws           | -        | WS 해제 — 현재 2개 연결
2026-08-06 20:16:24 | INFO    | amr.request      | e7d4ccce | GET /api/stats/overview → 200 (2.0ms) role=-
2026-08-06 20:16:24 | INFO    | amr.request      | d4f73655 | GET /api/stats/overview → 200 (1.8ms) role=-
2026-08-06 20:16:24 | INFO    | amr.ws           | -        | WS 접속 — 현재 3개 연결
2026-08-06 20:16:36 | INFO    | amr.request      | ac1b8682 | GET /api/stats/overview → 200 (2.1ms) role=-
2026-08-06 20:16:37 | INFO    | amr.request      | 81ffdc72 | GET /api/stats/overview → 200 (1.8ms) role=-
2026-08-06 20:16:43 | INFO    | amr.bridge       | 5cf92acd | [NullBridge] amr_1 → ESTOP {'reason': 'TEST'}
2026-08-06 20:16:43 | INFO    | amr.request      | 5cf92acd | POST /api/robots/amr_1/emergency-stop → 200 (3.7ms) role=-
2026-08-06 20:16:43 | INFO    | amr.bridge       | 995909ad | [NullBridge] amr_1 → RESET {'mode': 'RESUME_CHECKPOINT'}
2026-08-06 20:16:43 | INFO    | amr.request      | 995909ad | POST /api/robots/amr_1/resume → 200 (4.4ms) role=-
2026-08-06 20:16:54 | INFO    | amr.request      | 73a23d5d | GET /api/stats/overview → 200 (1.7ms) role=-
2026-08-06 20:16:57 | INFO    | amr.bridge       | 9c005a5e | [NullBridge] amr_2 → ESTOP {'reason': 'TEST'}
2026-08-06 20:16:57 | INFO    | amr.request      | 9c005a5e | POST /api/robots/amr_2/emergency-stop → 200 (2.8ms) role=-
2026-08-06 20:17:06 | INFO    | amr.request      | 0ca91c5d | GET /api/stats/overview → 200 (2.0ms) role=-
2026-08-06 20:17:07 | INFO    | amr.request      | b1857992 | GET /api/stats/overview → 200 (2.0ms) role=-
2026-08-06 20:17:24 | INFO    | amr.request      | adc11031 | GET /api/stats/overview → 200 (2.5ms) role=-
2026-08-06 20:17:36 | INFO    | amr.request      | f6ee44ed | GET /api/stats/overview → 200 (1.9ms) role=-
2026-08-06 20:17:38 | INFO    | amr.request      | 4a9939cb | GET /api/stats/overview → 200 (2.5ms) role=-
2026-08-06 20:17:54 | INFO    | amr.request      | 8f201f0a | GET /api/stats/overview → 200 (1.8ms) role=-
2026-08-06 20:18:06 | INFO    | amr.request      | 84a7ce4d | GET /api/stats/overview → 200 (1.9ms) role=-
2026-08-06 20:18:08 | INFO    | amr.request      | c254e8d2 | GET /api/stats/overview → 200 (2.3ms) role=-
2026-08-06 20:18:24 | INFO    | amr.request      | 52a7de40 | GET /api/stats/overview → 200 (1.9ms) role=-
2026-08-06 20:18:36 | INFO    | amr.request      | 1086cf50 | GET /api/stats/overview → 200 (2.1ms) role=-
2026-08-06 20:18:38 | INFO    | amr.request      | 5535fc61 | GET /api/stats/overview → 200 (2.4ms) role=-
2026-08-06 20:18:54 | INFO    | amr.request      | 2ca9ff25 | GET /api/stats/overview → 200 (2.1ms) role=-
2026-08-06 20:19:06 | INFO    | amr.request      | 7fdbb430 | GET /api/stats/overview → 200 (2.0ms) role=-
2026-08-06 20:19:24 | INFO    | amr.request      | 3931eb66 | GET /api/stats/overview → 200 (1.7ms) role=-
2026-08-06 20:19:36 | INFO    | amr.request      | 9b5141e8 | GET /api/stats/overview → 200 (1.8ms) role=-
2026-08-06 20:19:54 | INFO    | amr.request      | 2d1b37e2 | GET /api/stats/overview → 200 (2.0ms) role=-
2026-08-06 20:20:01 | INFO    | amr.request      | 0edee038 | GET /api/stats/overview → 200 (2.9ms) role=-
2026-08-06 20:20:06 | INFO    | amr.request      | 387b6056 | GET /api/stats/overview → 200 (1.9ms) role=-
2026-08-06 20:20:24 | INFO    | amr.request      | dbba8bb4 | GET /api/stats/overview → 200 (2.1ms) role=-
2026-08-06 20:20:36 | INFO    | amr.request      | 2d176bb3 | GET /api/stats/overview → 200 (1.7ms) role=-
2026-08-06 20:20:40 | INFO    | amr.ws           | -        | WS 해제 — 현재 2개 연결
2026-08-06 20:20:40 | INFO    | amr.ws           | -        | WS 접속 — 현재 3개 연결
2026-08-06 20:20:40 | INFO    | amr.ws           | -        | WS 해제 — 현재 2개 연결
2026-08-06 20:20:40 | INFO    | amr.request      | 6d88aafd | GET /api/stats/overview → 200 (7.4ms) role=-
2026-08-06 20:20:40 | INFO    | amr.request      | 904ea052 | GET /api/stats/overview → 200 (1.5ms) role=-
2026-08-06 20:20:40 | INFO    | amr.ws           | -        | WS 접속 — 현재 3개 연결
2026-08-06 20:20:54 | INFO    | amr.request      | 5eb4fa44 | GET /api/stats/overview → 200 (2.5ms) role=-
2026-08-06 20:21:01 | INFO    | amr.request      | c4880c78 | GET /api/stats/overview → 200 (3.0ms) role=-
2026-08-06 20:21:10 | INFO    | amr.request      | e10cb111 | GET /api/stats/overview → 200 (1.8ms) role=-
2026-08-06 20:21:24 | INFO    | amr.request      | fa0e80cc | GET /api/stats/overview → 200 (1.9ms) role=-
2026-08-06 20:21:40 | INFO    | amr.request      | 827f081c | GET /api/stats/overview → 200 (2.0ms) role=-
2026-08-06 20:21:54 | INFO    | amr.request      | eb3ec17c | GET /api/stats/overview → 200 (1.8ms) role=-
2026-08-06 20:22:01 | INFO    | amr.request      | 56337a98 | GET /api/stats/overview → 200 (2.5ms) role=-
2026-08-06 20:22:10 | INFO    | amr.request      | b352927d | GET /api/stats/overview → 200 (1.7ms) role=-
2026-08-06 20:22:24 | INFO    | amr.request      | 39edc465 | GET /api/stats/overview → 200 (1.7ms) role=-
2026-08-06 20:22:40 | INFO    | amr.request      | 8714f260 | GET /api/stats/overview → 200 (2.2ms) role=-
2026-08-06 20:22:54 | INFO    | amr.request      | fac8ed07 | GET /api/stats/overview → 200 (2.4ms) role=-
2026-08-06 20:23:01 | INFO    | amr.request      | dd31598e | GET /api/stats/overview → 200 (2.6ms) role=-
2026-08-06 20:23:10 | INFO    | amr.request      | 5b4dbcdf | GET /api/stats/overview → 200 (2.0ms) role=-
2026-08-06 20:23:24 | INFO    | amr.request      | 2cff6529 | GET /api/stats/overview → 200 (1.8ms) role=-
2026-08-06 20:23:40 | INFO    | amr.request      | 0c20c3a2 | GET /api/stats/overview → 200 (1.9ms) role=-
2026-08-06 20:23:54 | INFO    | amr.request      | c5510153 | GET /api/stats/overview → 200 (2.0ms) role=-
2026-08-06 20:24:01 | INFO    | amr.request      | 5d250612 | GET /api/stats/overview → 200 (2.5ms) role=-
2026-08-06 20:24:10 | INFO    | amr.request      | 9a07748c | GET /api/stats/overview → 200 (2.4ms) role=-
2026-08-06 20:24:24 | INFO    | amr.request      | 918e85aa | GET /api/stats/overview → 200 (2.0ms) role=-
2026-08-06 20:24:40 | INFO    | amr.request      | 308b0329 | GET /api/stats/overview → 200 (1.9ms) role=-
2026-08-06 20:24:54 | INFO    | amr.request      | 85c43b44 | GET /api/stats/overview → 200 (1.7ms) role=-
2026-08-06 20:25:01 | INFO    | amr.request      | a19213c8 | GET /api/stats/overview → 200 (2.5ms) role=-
2026-08-06 20:25:10 | INFO    | amr.request      | 5b5125c9 | GET /api/stats/overview → 200 (2.4ms) role=-
2026-08-06 20:25:24 | INFO    | amr.request      | ed6cfb6d | GET /api/stats/overview → 200 (2.0ms) role=-
2026-08-06 20:25:40 | INFO    | amr.request      | b54a763e | GET /api/stats/overview → 200 (2.0ms) role=-
2026-08-06 20:25:54 | INFO    | amr.request      | 2f04b5ee | GET /api/stats/overview → 200 (1.9ms) role=-
2026-08-06 20:26:01 | INFO    | amr.request      | a8f23cf6 | GET /api/stats/overview → 200 (3.7ms) role=-
2026-08-06 20:26:10 | INFO    | amr.request      | 0b8abed2 | GET /api/stats/overview → 200 (3.7ms) role=-
2026-08-06 20:26:24 | INFO    | amr.request      | 6109cfa4 | GET /api/stats/overview → 200 (3.7ms) role=-
2026-08-06 20:26:40 | INFO    | amr.request      | f311cf6b | GET /api/stats/overview → 200 (1.9ms) role=-
2026-08-06 20:26:54 | INFO    | amr.request      | bee83dbc | GET /api/stats/overview → 200 (2.8ms) role=-
2026-08-06 20:27:01 | INFO    | amr.request      | e16504cc | GET /api/stats/overview → 200 (3.4ms) role=-
2026-08-06 20:27:10 | INFO    | amr.request      | d0312919 | GET /api/stats/overview → 200 (3.7ms) role=-
2026-08-06 20:27:24 | INFO    | amr.request      | 27b18e41 | GET /api/stats/overview → 200 (2.3ms) role=-
2026-08-06 20:27:40 | INFO    | amr.request      | ae3298a7 | GET /api/stats/overview → 200 (2.2ms) role=-
2026-08-06 20:27:54 | INFO    | amr.request      | e0ab7d0a | GET /api/stats/overview → 200 (2.0ms) role=-
2026-08-06 20:28:00 | INFO    | amr.request      | 3086929a | GET /api/stats/overview → 200 (1.8ms) role=-
2026-08-06 20:28:10 | INFO    | amr.request      | 9f880bc4 | GET /api/stats/overview → 200 (1.9ms) role=-
2026-08-06 20:28:24 | INFO    | amr.request      | d9e57323 | GET /api/stats/overview → 200 (2.4ms) role=-
2026-08-06 20:28:40 | INFO    | amr.request      | 2736a5d2 | GET /api/stats/overview → 200 (2.6ms) role=-
2026-08-06 20:28:54 | INFO    | amr.request      | 0a790fcb | GET /api/stats/overview → 200 (3.1ms) role=-
2026-08-06 20:29:01 | INFO    | amr.request      | 5ab7feea | GET /api/stats/overview → 200 (3.1ms) role=-
2026-08-06 20:29:10 | INFO    | amr.request      | ecd3042d | GET /api/stats/overview → 200 (2.5ms) role=-
2026-08-06 20:29:24 | INFO    | amr.request      | 0d6f1da3 | GET /api/stats/overview → 200 (2.1ms) role=-
2026-08-06 20:29:40 | INFO    | amr.request      | 08d88a3b | GET /api/stats/overview → 200 (2.7ms) role=-
2026-08-06 20:29:54 | INFO    | amr.request      | 3664dc4a | GET /api/stats/overview → 200 (2.3ms) role=-
2026-08-06 20:30:01 | INFO    | amr.request      | a55194f4 | GET /api/stats/overview → 200 (2.3ms) role=-
2026-08-06 20:30:10 | INFO    | amr.request      | ebba5426 | GET /api/stats/overview → 200 (1.9ms) role=-
2026-08-06 20:30:24 | INFO    | amr.request      | 16537a9d | GET /api/stats/overview → 200 (2.9ms) role=-
2026-08-06 20:30:54 | INFO    | amr.request      | 3148f33a | GET /api/stats/overview → 200 (1.9ms) role=-
2026-08-06 20:31:01 | INFO    | amr.request      | 72827b2b | GET /api/stats/overview → 200 (5.8ms) role=-
2026-08-06 20:31:01 | INFO    | amr.request      | 0d9b1a16 | GET /api/stats/overview → 200 (8.6ms) role=-
2026-08-06 21:23:04 | INFO    | amr.bridge       | -        | 브리지 교체 → RobotBridge
2026-08-06 21:23:04 | INFO    | amr.main         | -        | [loopback] /amr_1/command ← {"command_id": "CMD-20260806-abce", "command_type": "GOTO", "payload": {"waypoints": [{"x": 1, "y": 2, "theta": 0}], "event_id": null}, "issued_at": "2026-08-06T21:23:04.076343+09:00"}
2026-08-06 21:23:04 | INFO    | amr.bridge       | -        | [robot_bridge] amr_1 ← GOTO CMD-20260806-abce
2026-08-07 04:31:27 | INFO    | amr.main         | -        | ======================================================================
2026-08-07 04:31:27 | INFO    | amr.main         | -        | AMR 순찰·이상감지 관제 API v1.0.0 기동
2026-08-07 04:31:27 | INFO    | amr.db           | -        | DB 초기화 완료 — 테이블 20개 (sqlite:////home/chaesong/DBcenter-PT-Bot/hmi/backend/data/amr.db)
2026-08-07 04:31:27 | INFO    | amr.bridge       | -        | 브리지 교체 → RobotBridge
2026-08-07 04:31:27 | INFO    | amr.main         | -        | REST 14개 라우터 · WS /ws/monitor 준비 완료
2026-08-07 04:31:27 | INFO    | amr.main         | -        | ======================================================================
2026-08-07 04:31:27 | INFO    | amr.ws           | -        | 브로드캐스트 소비 루프 시작
2026-08-07 04:31:45 | INFO    | amr.request      | eab4ff2d | GET /api/stats/overview → 200 (14.8ms) role=-
2026-08-07 04:31:49 | INFO    | amr.main         | 810b9e54 | [loopback] /amr_1/command ← {"command_id": "CMD-20260806-424d", "command_type": "START_PATROL", "payload": {"mission_id": "MSN-20260806-0090", "nodes": [{"node_id": "N-001", "x": 2.0, "y": 2.0, "theta": 0.0, "dwell_sec": 0}, {"node_id": "N-003", "x": 7.5, "y": 4.0, "theta": 1.57, "dwell_sec": 0}, {"node_id": "N-005", "x": 11.0, "y": 2.0, "theta": 0.0, "dwell_sec": 5}, {"node_id": "N-007", "x": 4.0, "y": 10.0, "theta": 1.57, "dwell_sec": 8}], "loop": true}, "issued_at": "2026-08-07T04:31:49.551348+09:00"}
2026-08-07 04:31:49 | INFO    | amr.bridge       | 810b9e54 | [robot_bridge] amr_1 ← START_PATROL CMD-20260806-424d
2026-08-07 04:31:49 | INFO    | amr.main         | 810b9e54 | [loopback] /amr_2/command ← {"command_id": "CMD-20260806-45fc", "command_type": "START_PATROL", "payload": {"mission_id": "MSN-20260806-d0c4", "nodes": [{"node_id": "N-002", "x": 5.0, "y": 2.0, "theta": 0.0, "dwell_sec": 0}, {"node_id": "N-004", "x": 3.2, "y": 4.5, "theta": 1.57, "dwell_sec": 5}, {"node_id": "N-006", "x": 14.0, "y": 3.0, "theta": 3.14, "dwell_sec": 3}, {"node_id": "N-008", "x": 12.0, "y": 10.0, "theta": 0.0, "dwell_sec": 4}], "loop": true}, "issued_at": "2026-08-07T04:31:49.555930+09:00"}
2026-08-07 04:31:49 | INFO    | amr.bridge       | 810b9e54 | [robot_bridge] amr_2 ← START_PATROL CMD-20260806-45fc
2026-08-07 04:31:49 | INFO    | amr.request      | 810b9e54 | POST /api/patrol/start → 200 (37.7ms) role=-
2026-08-07 04:31:49 | INFO    | amr.main         | fa51e447 | [loopback] /amr_1/command ← {"command_id": "CMD-20260806-c8f1", "command_type": "ESTOP", "payload": {"reason": "OPERATOR_ALL"}, "issued_at": "2026-08-07T04:31:49.579417+09:00"}
2026-08-07 04:31:49 | INFO    | amr.bridge       | fa51e447 | [robot_bridge] amr_1 ← ESTOP CMD-20260806-c8f1
2026-08-07 04:31:49 | INFO    | amr.main         | fa51e447 | [loopback] /amr_2/command ← {"command_id": "CMD-20260806-fa68", "command_type": "ESTOP", "payload": {"reason": "OPERATOR_ALL"}, "issued_at": "2026-08-07T04:31:49.580083+09:00"}
2026-08-07 04:31:49 | INFO    | amr.bridge       | fa51e447 | [robot_bridge] amr_2 ← ESTOP CMD-20260806-fa68
2026-08-07 04:31:49 | INFO    | amr.request      | fa51e447 | POST /api/robots/emergency-stop-all → 200 (8.0ms) role=-
2026-08-07 04:31:49 | INFO    | amr.main         | 393c45ed | [loopback] /amr_1/command ← {"command_id": "CMD-20260806-d68a", "command_type": "GOTO", "payload": {"waypoints": [{"x": 3.2, "y": -1.5, "theta": 1.57}], "preempt": true}, "issued_at": "2026-08-07T04:31:49.597316+09:00"}
2026-08-07 04:31:49 | INFO    | amr.bridge       | 393c45ed | [robot_bridge] amr_1 ← GOTO CMD-20260806-d68a
2026-08-07 04:31:49 | INFO    | amr.request      | 393c45ed | POST /api/robots/amr_1/goto → 200 (5.8ms) role=-
2026-08-07 04:31:49 | INFO    | amr.request      | dee3ced9 | POST /api/events/detect → 201 (18.2ms) role=-
2026-08-07 04:32:05 | INFO    | amr.ws           | -        | 브로드캐스트 소비 루프 종료
2026-08-07 04:32:05 | INFO    | amr.main         | -        | 서버 종료
2026-08-07 04:41:08 | INFO    | amr.main         | -        | ======================================================================
2026-08-07 04:41:08 | INFO    | amr.main         | -        | AMR 순찰·이상감지 관제 API v1.0.0 기동
2026-08-07 04:41:08 | INFO    | amr.db           | -        | DB 초기화 완료 — 테이블 20개 (sqlite:////home/chaesong/DBcenter-PT-Bot/hmi/backend/data/amr.db)
2026-08-07 04:41:08 | INFO    | amr.bridge       | -        | 브리지 교체 → RobotBridge
2026-08-07 04:41:08 | INFO    | amr.main         | -        | REST 14개 라우터 · WS /ws/monitor 준비 완료
2026-08-07 04:41:08 | INFO    | amr.main         | -        | ======================================================================
2026-08-07 04:41:08 | INFO    | amr.ws           | -        | 브로드캐스트 소비 루프 시작
2026-08-07 04:41:21 | INFO    | amr.request      | da3172e2 | GET /api/stats/overview → 200 (192.2ms) role=-
2026-08-07 04:41:51 | INFO    | amr.request      | a607f758 | GET /api/stats/overview → 200 (8.6ms) role=-
2026-08-07 04:42:08 | INFO    | amr.ws           | -        | WS 접속 — 현재 1개 연결
2026-08-07 04:42:08 | INFO    | amr.request      | a4b0d128 | GET /api/stats/overview → 200 (67.4ms) role=-
2026-08-07 04:42:08 | INFO    | amr.request      | 05ff37fe | GET /api/stats/overview → 200 (8.4ms) role=-
2026-08-07 04:42:38 | INFO    | amr.request      | c670ca53 | GET /api/stats/overview → 200 (3.6ms) role=-
2026-08-07 04:43:08 | INFO    | amr.request      | b4168763 | GET /api/stats/overview → 200 (6.0ms) role=-
2026-08-07 04:43:25 | INFO    | amr.request      | 73568dc6 | GET /api/routes → 200 (9.5ms) role=-
2026-08-07 04:43:25 | INFO    | amr.request      | 8edf611b | OPTIONS /api/patrol/start → 200 (0.4ms) role=-
2026-08-07 04:43:25 | WARNING | amr.request      | d832ef3b | POST /api/patrol/start → 409 (14.9ms) role=-
2026-08-07 04:43:38 | INFO    | amr.request      | 7f8a6de6 | GET /api/stats/overview → 200 (3.5ms) role=-
2026-08-07 04:44:08 | INFO    | amr.request      | 433c526e | GET /api/stats/overview → 200 (5.6ms) role=-
2026-08-07 04:44:19 | INFO    | amr.request      | 07b26b6f | POST /api/events/detect → 201 (25.2ms) role=-
2026-08-07 04:44:38 | INFO    | amr.request      | 5f26d95e | GET /api/stats/overview → 200 (10.5ms) role=-
2026-08-07 04:45:09 | INFO    | amr.request      | 9a5eb1be | GET /api/stats/overview → 200 (10.6ms) role=-
2026-08-07 04:45:39 | INFO    | amr.request      | 8a1246ec | GET /api/stats/overview → 200 (3.1ms) role=-
2026-08-07 04:46:09 | INFO    | amr.request      | 9d3298e8 | GET /api/stats/overview → 200 (9.2ms) role=-
2026-08-07 04:46:40 | INFO    | amr.request      | d391567b | GET /api/stats/overview → 200 (9.6ms) role=-
2026-08-07 04:47:06 | WARNING | amr.db           | -        | 기존 테이블을 전부 삭제합니다 (drop=True)
2026-08-07 04:47:06 | INFO    | amr.db           | -        | DB 초기화 완료 — 테이블 20개 (sqlite:////home/chaesong/DBcenter-PT-Bot/hmi/backend/data/amr.db)
2026-08-07 04:47:06 | INFO    | amr.db           | -        | 시드 완료 — {'maps': 1, 'zones': 3, 'nodes': 8, 'routes': 1, 'equipment': 5, 'rules': 3, 'robots': 2}
2026-08-07 04:47:10 | INFO    | amr.request      | a82c538b | GET /api/stats/overview → 200 (12.3ms) role=-
2026-08-07 04:47:40 | INFO    | amr.request      | cf628b93 | GET /api/stats/overview → 200 (4.0ms) role=-
2026-08-07 04:47:53 | INFO    | amr.main         | -        | ======================================================================
2026-08-07 04:47:53 | INFO    | amr.main         | -        | AMR 순찰·이상감지 관제 API v1.0.0 기동
2026-08-07 04:47:53 | INFO    | amr.db           | -        | DB 초기화 완료 — 테이블 20개 (sqlite:////home/chaesong/DBcenter-PT-Bot/hmi/backend/data/amr.db)
2026-08-07 04:47:53 | INFO    | amr.bridge       | -        | 브리지 교체 → RobotBridge
2026-08-07 04:47:53 | INFO    | amr.main         | -        | REST 14개 라우터 · WS /ws/monitor 준비 완료
2026-08-07 04:47:53 | INFO    | amr.main         | -        | ======================================================================
2026-08-07 04:47:53 | INFO    | amr.ws           | -        | 브로드캐스트 소비 루프 시작
2026-08-07 04:47:53 | INFO    | amr.ws           | -        | 브로드캐스트 소비 루프 종료
2026-08-07 04:47:53 | INFO    | amr.main         | -        | 서버 종료
2026-08-07 04:47:55 | INFO    | amr.main         | daefb460 | [loopback] /amr_1/command ← {"command_id": "CMD-20260806-d8a9", "command_type": "START_PATROL", "payload": {"mission_id": "MSN-20260806-18d8", "nodes": [{"node_id": "N-001", "x": 2.0, "y": 2.0, "theta": 0.0, "dwell_sec": 0}, {"node_id": "N-003", "x": 7.5, "y": 4.0, "theta": 1.57, "dwell_sec": 0}, {"node_id": "N-005", "x": 11.0, "y": 2.0, "theta": 0.0, "dwell_sec": 5}, {"node_id": "N-007", "x": 4.0, "y": 10.0, "theta": 1.57, "dwell_sec": 8}], "loop": true}, "issued_at": "2026-08-07T04:47:55.598369+09:00"}
2026-08-07 04:47:55 | INFO    | amr.bridge       | daefb460 | [robot_bridge] amr_1 ← START_PATROL CMD-20260806-d8a9
2026-08-07 04:47:55 | INFO    | amr.main         | daefb460 | [loopback] /amr_2/command ← {"command_id": "CMD-20260806-9ff3", "command_type": "START_PATROL", "payload": {"mission_id": "MSN-20260806-9303", "nodes": [{"node_id": "N-002", "x": 5.0, "y": 2.0, "theta": 0.0, "dwell_sec": 0}, {"node_id": "N-004", "x": 3.2, "y": 4.5, "theta": 1.57, "dwell_sec": 5}, {"node_id": "N-006", "x": 14.0, "y": 3.0, "theta": 3.14, "dwell_sec": 3}, {"node_id": "N-008", "x": 12.0, "y": 10.0, "theta": 0.0, "dwell_sec": 4}], "loop": true}, "issued_at": "2026-08-07T04:47:55.604093+09:00"}
2026-08-07 04:47:55 | INFO    | amr.bridge       | daefb460 | [robot_bridge] amr_2 ← START_PATROL CMD-20260806-9ff3
2026-08-07 04:47:55 | INFO    | amr.request      | daefb460 | POST /api/patrol/start → 200 (30.1ms) role=-
2026-08-07 04:48:11 | INFO    | amr.request      | d6fba586 | GET /api/stats/overview → 200 (12.7ms) role=-
2026-08-07 04:49:02 | WARNING | amr.db           | -        | 기존 테이블을 전부 삭제합니다 (drop=True)
2026-08-07 04:49:02 | INFO    | amr.db           | -        | DB 초기화 완료 — 테이블 20개 (sqlite:////home/chaesong/DBcenter-PT-Bot/hmi/backend/data/amr.db)
2026-08-07 04:49:02 | INFO    | amr.db           | -        | 시드 완료 — {'maps': 1, 'zones': 3, 'nodes': 8, 'routes': 1, 'equipment': 5, 'rules': 3, 'robots': 2}
2026-08-07 04:49:05 | INFO    | amr.main         | -        | ======================================================================
2026-08-07 04:49:05 | INFO    | amr.main         | -        | AMR 순찰·이상감지 관제 API v1.0.0 기동
2026-08-07 04:49:05 | INFO    | amr.db           | -        | DB 초기화 완료 — 테이블 20개 (sqlite:////home/chaesong/DBcenter-PT-Bot/hmi/backend/data/amr.db)
2026-08-07 04:49:05 | INFO    | amr.bridge       | -        | 브리지 교체 → RobotBridge
2026-08-07 04:49:05 | INFO    | amr.main         | -        | REST 14개 라우터 · WS /ws/monitor 준비 완료
2026-08-07 04:49:05 | INFO    | amr.main         | -        | ======================================================================
2026-08-07 04:49:05 | INFO    | amr.ws           | -        | 브로드캐스트 소비 루프 시작
2026-08-07 04:49:11 | INFO    | amr.request      | 65c1f261 | GET /api/stats/overview → 200 (12.4ms) role=-
2026-08-07 04:49:18 | INFO    | amr.main         | 615ceafd | [loopback] /amr_1/command ← {"command_id": "CMD-20260806-920f", "command_type": "START_PATROL", "payload": {"mission_id": "MSN-20260806-c861", "nodes": [{"node_id": "N-001", "x": 2.0, "y": 2.0, "theta": 0.0, "dwell_sec": 0}, {"node_id": "N-003", "x": 7.5, "y": 4.0, "theta": 1.57, "dwell_sec": 0}, {"node_id": "N-005", "x": 11.0, "y": 2.0, "theta": 0.0, "dwell_sec": 5}, {"node_id": "N-007", "x": 4.0, "y": 10.0, "theta": 1.57, "dwell_sec": 8}], "loop": true}, "issued_at": "2026-08-07T04:49:18.034631+09:00"}
2026-08-07 04:49:18 | INFO    | amr.bridge       | 615ceafd | [robot_bridge] amr_1 ← START_PATROL CMD-20260806-920f
2026-08-07 04:49:18 | INFO    | amr.main         | 615ceafd | [loopback] /amr_2/command ← {"command_id": "CMD-20260806-9d78", "command_type": "START_PATROL", "payload": {"mission_id": "MSN-20260806-d7cc", "nodes": [{"node_id": "N-002", "x": 5.0, "y": 2.0, "theta": 0.0, "dwell_sec": 0}, {"node_id": "N-004", "x": 3.2, "y": 4.5, "theta": 1.57, "dwell_sec": 5}, {"node_id": "N-006", "x": 14.0, "y": 3.0, "theta": 3.14, "dwell_sec": 3}, {"node_id": "N-008", "x": 12.0, "y": 10.0, "theta": 0.0, "dwell_sec": 4}], "loop": true}, "issued_at": "2026-08-07T04:49:18.039696+09:00"}
2026-08-07 04:49:18 | INFO    | amr.bridge       | 615ceafd | [robot_bridge] amr_2 ← START_PATROL CMD-20260806-9d78
2026-08-07 04:49:18 | INFO    | amr.request      | 615ceafd | POST /api/patrol/start → 200 (43.9ms) role=-
2026-08-07 04:50:15 | INFO    | amr.main         | -        | ======================================================================
2026-08-07 04:50:15 | INFO    | amr.main         | -        | AMR 순찰·이상감지 관제 API v1.0.0 기동
2026-08-07 04:50:15 | INFO    | amr.db           | -        | DB 초기화 완료 — 테이블 20개 (sqlite:////home/chaesong/DBcenter-PT-Bot/hmi/backend/data/amr.db)
2026-08-07 04:50:16 | INFO    | amr.main         | -        | REST 14개 라우터 · WS /ws/monitor 준비 완료
2026-08-07 04:50:16 | INFO    | amr.main         | -        | ======================================================================
2026-08-07 04:50:16 | INFO    | amr.ws           | -        | 브로드캐스트 소비 루프 시작
2026-08-07 04:50:25 | WARNING | amr.request      | 83380488 | POST /api/patrol/start → 409 (16.6ms) role=-
2026-08-07 04:50:42 | INFO    | amr.request      | e738f3c5 | GET /api/stats/overview → 200 (16.1ms) role=-
2026-08-07 04:51:35 | WARNING | amr.db           | -        | 기존 테이블을 전부 삭제합니다 (drop=True)
2026-08-07 04:51:36 | INFO    | amr.db           | -        | DB 초기화 완료 — 테이블 20개 (sqlite:////home/chaesong/DBcenter-PT-Bot/hmi/backend/data/amr.db)
2026-08-07 04:51:36 | INFO    | amr.db           | -        | 시드 완료 — {'maps': 1, 'zones': 3, 'nodes': 8, 'routes': 1, 'equipment': 5, 'rules': 3, 'robots': 2}
2026-08-07 04:51:54 | INFO    | amr.main         | -        | ======================================================================
2026-08-07 04:51:54 | INFO    | amr.main         | -        | AMR 순찰·이상감지 관제 API v1.0.0 기동
2026-08-07 04:51:54 | INFO    | amr.db           | -        | DB 초기화 완료 — 테이블 20개 (sqlite:////home/chaesong/DBcenter-PT-Bot/hmi/backend/data/amr.db)
2026-08-07 04:51:54 | INFO    | amr.main         | -        | REST 14개 라우터 · WS /ws/monitor 준비 완료
2026-08-07 04:51:54 | INFO    | amr.main         | -        | ======================================================================
2026-08-07 04:51:54 | INFO    | amr.ws           | -        | 브로드캐스트 소비 루프 시작
2026-08-07 04:52:07 | INFO    | amr.bridge       | e34c71b2 | [NullBridge] amr_1 → START_PATROL {'mission_id': 'MSN-20260806-6f89', 'nodes': [{'node_id': 'N-001', 'x': 2.0, 'y': 2.0, 'theta': 0.0, 'dwell_sec': 0}, {'node_id': 'N-003', 'x': 7.5, 'y': 4.0, 'theta': 1.57, 'dwell_sec': 0}, {'node_id': 'N-005', 'x': 11.0, 'y': 2.0, 'theta': 0.0, 'dwell_sec': 5}, {'node_id': 'N-007', 'x': 4.0, 'y': 10.0, 'theta': 1.57, 'dwell_sec': 8}], 'loop': True}
2026-08-07 04:52:07 | INFO    | amr.bridge       | e34c71b2 | [NullBridge] amr_2 → START_PATROL {'mission_id': 'MSN-20260806-32f2', 'nodes': [{'node_id': 'N-002', 'x': 5.0, 'y': 2.0, 'theta': 0.0, 'dwell_sec': 0}, {'node_id': 'N-004', 'x': 3.2, 'y': 4.5, 'theta': 1.57, 'dwell_sec': 5}, {'node_id': 'N-006', 'x': 14.0, 'y': 3.0, 'theta': 3.14, 'dwell_sec': 3}, {'node_id': 'N-008', 'x': 12.0, 'y': 10.0, 'theta': 0.0, 'dwell_sec': 4}], 'loop': True}
2026-08-07 04:52:07 | INFO    | amr.request      | e34c71b2 | POST /api/patrol/start → 200 (47.0ms) role=-
2026-08-07 04:52:13 | INFO    | amr.request      | a97c2a22 | GET /api/stats/overview → 200 (16.1ms) role=-
2026-08-07 04:52:54 | WARNING | amr.db           | -        | 기존 테이블을 전부 삭제합니다 (drop=True)
2026-08-07 04:52:54 | INFO    | amr.db           | -        | DB 초기화 완료 — 테이블 20개 (sqlite:////home/chaesong/DBcenter-PT-Bot/hmi/backend/data/amr.db)
2026-08-07 04:52:54 | INFO    | amr.db           | -        | 시드 완료 — {'maps': 1, 'zones': 3, 'nodes': 8, 'routes': 1, 'equipment': 5, 'rules': 3, 'robots': 2}
2026-08-07 04:55:29 | INFO    | amr.main         | -        | ======================================================================
2026-08-07 04:55:29 | INFO    | amr.main         | -        | AMR 순찰·이상감지 관제 API v1.0.0 기동
2026-08-07 04:55:29 | INFO    | amr.db           | -        | DB 초기화 완료 — 테이블 20개 (sqlite:////home/chaesong/DBcenter-PT-Bot/hmi/backend/data/amr.db)
2026-08-07 04:55:29 | INFO    | amr.bridge       | -        | 브리지 교체 → RobotBridge
2026-08-07 04:55:29 | INFO    | amr.main         | -        | REST 14개 라우터 · WS /ws/monitor 준비 완료
2026-08-07 04:55:29 | INFO    | amr.main         | -        | ======================================================================
2026-08-07 04:55:29 | INFO    | amr.ws           | -        | 브로드캐스트 소비 루프 시작
2026-08-07 04:55:46 | INFO    | amr.request      | dae3287c | GET /api/stats/overview → 200 (184.8ms) role=-
2026-08-07 04:56:15 | INFO    | amr.request      | b786b409 | GET /api/stats/overview → 200 (9.0ms) role=-
2026-08-07 04:56:45 | INFO    | amr.request      | 5ea1311a | GET /api/stats/overview → 200 (3.3ms) role=-
2026-08-07 04:57:08 | INFO    | amr.ws           | -        | WS 접속 — 현재 1개 연결
2026-08-07 04:57:08 | INFO    | amr.request      | a3651c42 | GET /api/stats/overview → 200 (73.0ms) role=-
2026-08-07 04:57:08 | INFO    | amr.request      | 86e406e5 | GET /api/stats/overview → 200 (5.9ms) role=-
2026-08-07 04:57:13 | INFO    | amr.request      | e86a39f6 | GET /api/routes → 200 (14.8ms) role=-
2026-08-07 04:57:13 | INFO    | amr.request      | 861b7cc9 | OPTIONS /api/patrol/start → 200 (0.3ms) role=-
2026-08-07 04:57:13 | INFO    | amr.main         | 102d47a9 | [loopback] /amr_1/command ← {"command_id": "CMD-20260806-3868", "command_type": "START_PATROL", "payload": {"mission_id": "MSN-20260806-a876", "nodes": [{"node_id": "N-001", "x": 2.0, "y": 2.0, "theta": 0.0, "dwell_sec": 0}, {"node_id": "N-003", "x": 7.5, "y": 4.0, "theta": 1.57, "dwell_sec": 0}, {"node_id": "N-005", "x": 11.0, "y": 2.0, "theta": 0.0, "dwell_sec": 5}, {"node_id": "N-007", "x": 4.0, "y": 10.0, "theta": 1.57, "dwell_sec": 8}], "loop": true}, "issued_at": "2026-08-07T04:57:13.918626+09:00"}
2026-08-07 04:57:13 | INFO    | amr.bridge       | 102d47a9 | [robot_bridge] amr_1 ← START_PATROL CMD-20260806-3868
2026-08-07 04:57:13 | INFO    | amr.main         | 102d47a9 | [loopback] /amr_2/command ← {"command_id": "CMD-20260806-0ead", "command_type": "START_PATROL", "payload": {"mission_id": "MSN-20260806-90f0", "nodes": [{"node_id": "N-002", "x": 5.0, "y": 2.0, "theta": 0.0, "dwell_sec": 0}, {"node_id": "N-004", "x": 3.2, "y": 4.5, "theta": 1.57, "dwell_sec": 5}, {"node_id": "N-006", "x": 14.0, "y": 3.0, "theta": 3.14, "dwell_sec": 3}, {"node_id": "N-008", "x": 12.0, "y": 10.0, "theta": 0.0, "dwell_sec": 4}], "loop": true}, "issued_at": "2026-08-07T04:57:13.922706+09:00"}
2026-08-07 04:57:13 | INFO    | amr.bridge       | 102d47a9 | [robot_bridge] amr_2 ← START_PATROL CMD-20260806-0ead
2026-08-07 04:57:13 | INFO    | amr.request      | 102d47a9 | POST /api/patrol/start → 200 (37.1ms) role=-
2026-08-07 04:57:38 | INFO    | amr.request      | b921270e | GET /api/stats/overview → 200 (6.7ms) role=-
2026-08-07 04:57:55 | INFO    | amr.main         | 36c0545d | [loopback] /amr_1/command ← {"command_id": "CMD-20260806-1229", "command_type": "DOCK", "payload": {"dock_id": "D1"}, "issued_at": "2026-08-07T04:57:55.351586+09:00"}
2026-08-07 04:57:55 | INFO    | amr.bridge       | 36c0545d | [robot_bridge] amr_1 ← DOCK CMD-20260806-1229
2026-08-07 04:57:55 | INFO    | amr.main         | 705f504b | [loopback] /amr_2/command ← {"command_id": "CMD-20260806-4599", "command_type": "DOCK", "payload": {"dock_id": "D2"}, "issued_at": "2026-08-07T04:57:55.353277+09:00"}
2026-08-07 04:57:55 | INFO    | amr.bridge       | 705f504b | [robot_bridge] amr_2 ← DOCK CMD-20260806-4599
2026-08-07 04:57:55 | INFO    | amr.request      | 36c0545d | POST /api/robots/amr_1/dock → 200 (33.3ms) role=-
2026-08-07 04:57:55 | INFO    | amr.request      | 705f504b | POST /api/robots/amr_2/dock → 200 (29.2ms) role=-
2026-08-07 04:58:08 | INFO    | amr.request      | d9f36749 | GET /api/stats/overview → 200 (11.1ms) role=-
2026-08-07 04:58:14 | INFO    | amr.main         | b413f471 | [loopback] /amr_1/command ← {"command_id": "CMD-20260806-5982", "command_type": "ESTOP", "payload": {"reason": "OPERATOR_ALL"}, "issued_at": "2026-08-07T04:58:14.002477+09:00"}
2026-08-07 04:58:14 | INFO    | amr.bridge       | b413f471 | [robot_bridge] amr_1 ← ESTOP CMD-20260806-5982
2026-08-07 04:58:14 | INFO    | amr.main         | b413f471 | [loopback] /amr_2/command ← {"command_id": "CMD-20260806-f1e7", "command_type": "ESTOP", "payload": {"reason": "OPERATOR_ALL"}, "issued_at": "2026-08-07T04:58:14.004389+09:00"}
2026-08-07 04:58:14 | INFO    | amr.bridge       | b413f471 | [robot_bridge] amr_2 ← ESTOP CMD-20260806-f1e7
2026-08-07 04:58:14 | INFO    | amr.request      | b413f471 | POST /api/robots/emergency-stop-all → 200 (22.4ms) role=-
2026-08-07 04:58:30 | WARNING | amr.request      | 7f20b9d7 | POST /api/patrol/start → 409 (17.5ms) role=-
2026-08-07 04:58:38 | INFO    | amr.request      | d9efe305 | GET /api/stats/overview → 200 (3.4ms) role=-
2026-08-07 04:59:01 | INFO    | amr.request      | b2ac32aa | POST /api/events/detect → 201 (19.7ms) role=-
2026-08-07 04:59:08 | INFO    | amr.request      | d20ec19c | GET /api/stats/overview → 200 (11.1ms) role=-
2026-08-07 04:59:38 | INFO    | amr.request      | ceae3355 | GET /api/stats/overview → 200 (8.1ms) role=-
2026-08-07 05:00:08 | INFO    | amr.request      | d232a817 | GET /api/stats/overview → 200 (5.1ms) role=-
2026-08-07 05:00:39 | INFO    | amr.request      | b61809f6 | GET /api/stats/overview → 200 (4.1ms) role=-
2026-08-07 05:01:09 | INFO    | amr.request      | 73248b2f | GET /api/stats/overview → 200 (12.6ms) role=-
2026-08-07 05:01:39 | INFO    | amr.request      | 1947bd32 | GET /api/stats/overview → 200 (4.9ms) role=-
2026-08-07 05:02:09 | INFO    | amr.request      | 681bf355 | GET /api/stats/overview → 200 (4.5ms) role=-
2026-08-07 05:02:40 | INFO    | amr.request      | fcc90f82 | GET /api/stats/overview → 200 (12.4ms) role=-
2026-08-07 05:03:10 | INFO    | amr.request      | f32c50a0 | GET /api/stats/overview → 200 (4.4ms) role=-
2026-08-07 05:03:40 | INFO    | amr.request      | 80c016d8 | GET /api/stats/overview → 200 (5.9ms) role=-
2026-08-07 05:04:11 | INFO    | amr.request      | 43bd3733 | GET /api/stats/overview → 200 (10.0ms) role=-
2026-08-07 05:04:41 | INFO    | amr.request      | fa9fc9c8 | GET /api/stats/overview → 200 (6.3ms) role=-
2026-08-07 05:05:11 | INFO    | amr.request      | aec97f35 | GET /api/stats/overview → 200 (6.5ms) role=-
2026-08-07 05:05:41 | INFO    | amr.request      | 7733109a | GET /api/stats/overview → 200 (8.2ms) role=-
2026-08-07 05:06:12 | INFO    | amr.request      | 04f3a10c | GET /api/stats/overview → 200 (3.0ms) role=-
2026-08-07 05:06:42 | INFO    | amr.request      | 167348b3 | GET /api/stats/overview → 200 (11.9ms) role=-
2026-08-07 05:07:12 | INFO    | amr.request      | 4e08a46b | GET /api/stats/overview → 200 (8.0ms) role=-
2026-08-07 05:07:25 | WARNING | amr.db           | -        | 기존 테이블을 전부 삭제합니다 (drop=True)
2026-08-07 05:07:25 | INFO    | amr.db           | -        | DB 초기화 완료 — 테이블 20개 (sqlite:////home/chaesong/DBcenter-PT-Bot/hmi/backend/data/amr.db)
2026-08-07 05:07:25 | INFO    | amr.db           | -        | 시드 완료 — {'maps': 1, 'zones': 3, 'nodes': 8, 'routes': 1, 'equipment': 5, 'rules': 3, 'robots': 2}
2026-08-07 05:07:43 | INFO    | amr.request      | 7b75a203 | GET /api/stats/overview → 200 (13.2ms) role=-
2026-08-07 05:08:13 | INFO    | amr.request      | 54eef1d6 | GET /api/stats/overview → 200 (6.3ms) role=-
2026-08-07 05:08:45 | WARNING | amr.db           | -        | 기존 테이블을 전부 삭제합니다 (drop=True)
2026-08-07 05:08:45 | INFO    | amr.db           | -        | DB 초기화 완료 — 테이블 20개 (sqlite:////home/chaesong/DBcenter-PT-Bot/hmi/backend/data/amr.db)
2026-08-07 05:08:45 | INFO    | amr.db           | -        | 시드 완료 — {'maps': 1, 'zones': 3, 'nodes': 8, 'routes': 1, 'equipment': 5, 'rules': 3, 'robots': 2}
2026-08-07 05:08:56 | INFO    | amr.main         | -        | ======================================================================
2026-08-07 05:08:56 | INFO    | amr.main         | -        | AMR 순찰·이상감지 관제 API v1.0.0 기동
2026-08-07 05:08:56 | INFO    | amr.db           | -        | DB 초기화 완료 — 테이블 20개 (sqlite:////home/chaesong/DBcenter-PT-Bot/hmi/backend/data/amr.db)
2026-08-07 05:08:57 | INFO    | amr.bridge       | -        | [robot_bridge] ROS2 노드 기동 — 발행 2개, 구독 8토픽/로봇
2026-08-07 05:08:57 | INFO    | amr.bridge       | -        | 브리지 교체 → RobotBridge
2026-08-07 05:08:57 | INFO    | amr.main         | -        | REST 14개 라우터 · WS /ws/monitor 준비 완료
2026-08-07 05:08:57 | INFO    | amr.main         | -        | ======================================================================
2026-08-07 05:08:57 | INFO    | amr.ws           | -        | 브로드캐스트 소비 루프 시작
2026-08-07 05:09:13 | INFO    | amr.request      | b59f7076 | GET /api/stats/overview → 200 (17.9ms) role=-
2026-08-07 05:09:38 | INFO    | amr.request      | b7473565 | GET /api/robots → 200 (7.6ms) role=-
2026-08-07 05:09:44 | INFO    | amr.request      | 1e91c410 | GET /api/stats/overview → 200 (10.2ms) role=-
2026-08-07 05:09:58 | INFO    | amr.bridge       | 28421935 | [robot_bridge] amr_1 ← START_PATROL CMD-20260806-7098
2026-08-07 05:09:58 | INFO    | amr.bridge       | 28421935 | [robot_bridge] amr_2 ← START_PATROL CMD-20260806-d252
2026-08-07 05:09:58 | INFO    | amr.request      | 28421935 | POST /api/patrol/start → 200 (47.3ms) role=-
2026-08-07 05:10:14 | INFO    | amr.request      | 41625bef | GET /api/stats/overview → 200 (10.4ms) role=-
2026-08-07 05:10:30 | INFO    | amr.request      | e4c85e35 | GET /api/robots → 200 (3.4ms) role=-
2026-08-07 05:10:44 | INFO    | amr.request      | 2e1f0b5c | GET /api/stats/overview → 200 (6.7ms) role=-
2026-08-07 05:11:15 | INFO    | amr.request      | a20be6c2 | GET /api/stats/overview → 200 (6.3ms) role=-
2026-08-07 05:11:23 | INFO    | amr.bridge       | 677e6da5 | [robot_bridge] amr_1 ← GOTO CMD-20260806-40e5
2026-08-07 05:11:23 | INFO    | amr.request      | 677e6da5 | POST /api/robots/amr_1/goto → 200 (7.9ms) role=-
2026-08-07 05:11:45 | INFO    | amr.request      | fba9ccd3 | GET /api/stats/overview → 200 (5.9ms) role=-
2026-08-07 05:12:00 | INFO    | amr.bridge       | e7e68cf4 | [robot_bridge] amr_1 ← DOCK CMD-20260806-3249
2026-08-07 05:12:00 | INFO    | amr.request      | e7e68cf4 | POST /api/robots/amr_1/dock → 200 (13.7ms) role=-
2026-08-07 05:12:15 | INFO    | amr.request      | ed6b7524 | GET /api/stats/overview → 200 (3.9ms) role=-
2026-08-07 05:12:46 | INFO    | amr.request      | db0cf764 | GET /api/stats/overview → 200 (4.1ms) role=-
2026-08-07 05:13:16 | INFO    | amr.request      | 66a9f460 | GET /api/stats/overview → 200 (27.6ms) role=-
2026-08-07 05:13:46 | INFO    | amr.request      | c7209d2d | GET /api/stats/overview → 200 (6.1ms) role=-
2026-08-07 05:14:17 | INFO    | amr.request      | 951d42c5 | GET /api/stats/overview → 200 (3.9ms) role=-
2026-08-07 05:14:41 | WARNING | amr.db           | -        | 기존 테이블을 전부 삭제합니다 (drop=True)
2026-08-07 05:14:41 | INFO    | amr.db           | -        | DB 초기화 완료 — 테이블 20개 (sqlite:////home/chaesong/DBcenter-PT-Bot/hmi/backend/data/amr.db)
2026-08-07 05:14:42 | INFO    | amr.db           | -        | 시드 완료 — {'maps': 1, 'zones': 3, 'nodes': 8, 'routes': 1, 'equipment': 5, 'rules': 3, 'robots': 2}
2026-08-07 05:14:47 | INFO    | amr.request      | 8b189d58 | GET /api/stats/overview → 200 (8.5ms) role=-
2026-08-07 05:15:21 | WARNING | amr.db           | -        | 기존 테이블을 전부 삭제합니다 (drop=True)
2026-08-07 05:15:21 | INFO    | amr.db           | -        | DB 초기화 완료 — 테이블 20개 (sqlite:////home/chaesong/DBcenter-PT-Bot/hmi/backend/data/amr.db)
2026-08-07 05:15:21 | INFO    | amr.db           | -        | 시드 완료 — {'maps': 1, 'zones': 3, 'nodes': 8, 'routes': 1, 'equipment': 5, 'rules': 3, 'robots': 2}
2026-08-07 05:30:01 | INFO    | amr.main         | -        | ======================================================================
2026-08-07 05:30:01 | INFO    | amr.main         | -        | AMR 순찰·이상감지 관제 API v1.0.0 기동
2026-08-07 05:30:01 | INFO    | amr.db           | -        | DB 초기화 완료 — 테이블 20개 (sqlite:////home/chaesong/DBcenter-PT-Bot/hmi/backend/data/amr.db)
2026-08-07 05:30:02 | INFO    | amr.bridge       | -        | [robot_bridge] ROS2 브리지 기동 — 발행 2개, 구독 8토픽/로봇, 상행 큐 컨슈머 1
2026-08-07 05:30:02 | INFO    | amr.bridge       | -        | 브리지 교체 → RobotBridge
2026-08-07 05:30:02 | INFO    | amr.main         | -        | REST 14개 라우터 · WS /ws/monitor 준비 완료
2026-08-07 05:30:02 | INFO    | amr.main         | -        | ======================================================================
2026-08-07 05:30:02 | INFO    | amr.ws           | -        | 브로드캐스트 소비 루프 시작
2026-08-07 05:30:07 | ERROR   | amr.bridge       | -        | [robot_bridge] rclpy spin 종료
Traceback (most recent call last):
  File "/home/chaesong/DBcenter-PT-Bot/hmi/backend/app/robot_bridge.py", line 485, in _spin
    rclpy.spin_once(self._node, timeout_sec=0.5)
  File "/opt/ros/humble/local/lib/python3.10/dist-packages/rclpy/__init__.py", line 208, in spin_once
    executor.spin_once(timeout_sec=timeout_sec)
  File "/opt/ros/humble/local/lib/python3.10/dist-packages/rclpy/executors.py", line 808, in spin_once
    self._spin_once_impl(timeout_sec)
  File "/opt/ros/humble/local/lib/python3.10/dist-packages/rclpy/executors.py", line 797, in _spin_once_impl
    handler, entity, node = self.wait_for_ready_callbacks(timeout_sec=timeout_sec)
  File "/opt/ros/humble/local/lib/python3.10/dist-packages/rclpy/executors.py", line 780, in wait_for_ready_callbacks
    return next(self._cb_iter)
  File "/opt/ros/humble/local/lib/python3.10/dist-packages/rclpy/executors.py", line 681, in _wait_for_ready_callbacks
    raise ExternalShutdownException()
rclpy.executors.ExternalShutdownException
2026-08-07 05:30:07 | INFO    | amr.bridge       | -        | [robot_bridge] ROS2 브리지 종료
2026-08-07 05:30:07 | INFO    | amr.ws           | -        | 브로드캐스트 소비 루프 종료
2026-08-07 05:30:07 | INFO    | amr.main         | -        | 서버 종료
2026-08-07 05:30:24 | INFO    | amr.main         | -        | ======================================================================
2026-08-07 05:30:24 | INFO    | amr.main         | -        | AMR 순찰·이상감지 관제 API v1.0.0 기동
2026-08-07 05:30:24 | INFO    | amr.db           | -        | DB 초기화 완료 — 테이블 20개 (sqlite:////home/chaesong/DBcenter-PT-Bot/hmi/backend/data/amr.db)
2026-08-07 05:30:24 | INFO    | amr.bridge       | -        | [robot_bridge] ROS2 브리지 기동 — 발행 2개, 구독 8토픽/로봇, 상행 큐 컨슈머 1
2026-08-07 05:30:24 | INFO    | amr.bridge       | -        | 브리지 교체 → RobotBridge
2026-08-07 05:30:24 | INFO    | amr.main         | -        | REST 14개 라우터 · WS /ws/monitor 준비 완료
2026-08-07 05:30:24 | INFO    | amr.main         | -        | ======================================================================
2026-08-07 05:30:24 | INFO    | amr.ws           | -        | 브로드캐스트 소비 루프 시작
2026-08-07 05:30:27 | INFO    | amr.request      | 9e30c63e | GET /api/stats/overview → 200 (222.8ms) role=-
2026-08-07 05:30:30 | ERROR   | amr.bridge       | -        | [robot_bridge] rclpy spin 종료
Traceback (most recent call last):
  File "/home/chaesong/DBcenter-PT-Bot/hmi/backend/app/robot_bridge.py", line 485, in _spin
    rclpy.spin_once(self._node, timeout_sec=0.5)
  File "/opt/ros/humble/local/lib/python3.10/dist-packages/rclpy/__init__.py", line 208, in spin_once
    executor.spin_once(timeout_sec=timeout_sec)
  File "/opt/ros/humble/local/lib/python3.10/dist-packages/rclpy/executors.py", line 808, in spin_once
    self._spin_once_impl(timeout_sec)
  File "/opt/ros/humble/local/lib/python3.10/dist-packages/rclpy/executors.py", line 797, in _spin_once_impl
    handler, entity, node = self.wait_for_ready_callbacks(timeout_sec=timeout_sec)
  File "/opt/ros/humble/local/lib/python3.10/dist-packages/rclpy/executors.py", line 780, in wait_for_ready_callbacks
    return next(self._cb_iter)
  File "/opt/ros/humble/local/lib/python3.10/dist-packages/rclpy/executors.py", line 681, in _wait_for_ready_callbacks
    raise ExternalShutdownException()
rclpy.executors.ExternalShutdownException
2026-08-07 05:30:30 | INFO    | amr.bridge       | -        | [robot_bridge] ROS2 브리지 종료
2026-08-07 05:30:30 | INFO    | amr.ws           | -        | 브로드캐스트 소비 루프 종료
2026-08-07 05:30:30 | INFO    | amr.main         | -        | 서버 종료
2026-08-07 05:31:16 | INFO    | amr.main         | -        | ======================================================================
2026-08-07 05:31:16 | INFO    | amr.main         | -        | AMR 순찰·이상감지 관제 API v1.0.0 기동
2026-08-07 05:31:16 | INFO    | amr.db           | -        | DB 초기화 완료 — 테이블 20개 (sqlite:////home/chaesong/DBcenter-PT-Bot/hmi/backend/data/amr.db)
2026-08-07 05:31:17 | INFO    | amr.bridge       | -        | [robot_bridge] ROS2 브리지 기동 — 발행 2개, 구독 8토픽/로봇, 상행 큐 컨슈머 1
2026-08-07 05:31:17 | INFO    | amr.bridge       | -        | 브리지 교체 → RobotBridge
2026-08-07 05:31:17 | INFO    | amr.main         | -        | REST 14개 라우터 · WS /ws/monitor 준비 완료
2026-08-07 05:31:17 | INFO    | amr.main         | -        | ======================================================================
2026-08-07 05:31:17 | INFO    | amr.ws           | -        | 브로드캐스트 소비 루프 시작
2026-08-07 05:31:27 | INFO    | amr.request      | 93648ef5 | GET /api/stats/overview → 200 (14.1ms) role=-
2026-08-07 05:31:44 | INFO    | amr.request      | a39d8764 | GET /api/robots → 200 (3.7ms) role=-
2026-08-07 05:31:58 | INFO    | amr.request      | 38ab1bdb | GET /api/stats/overview → 200 (4.6ms) role=-
2026-08-07 05:31:58 | INFO    | amr.bridge       | 641502e6 | [robot_bridge] amr_1 ← START_PATROL CMD-20260806-1c30
2026-08-07 05:31:58 | INFO    | amr.bridge       | 641502e6 | [robot_bridge] amr_2 ← START_PATROL CMD-20260806-09f7
2026-08-07 05:31:58 | INFO    | amr.request      | 641502e6 | POST /api/patrol/start → 200 (44.6ms) role=-
2026-08-07 05:32:01 | INFO    | amr.request      | 2f020e10 | GET /api/robots → 200 (7.6ms) role=-
2026-08-07 05:32:28 | INFO    | amr.request      | 9da343cc | GET /api/stats/overview → 200 (3.7ms) role=-
2026-08-07 05:32:59 | WARNING | amr.db           | -        | 기존 테이블을 전부 삭제합니다 (drop=True)
2026-08-07 05:32:59 | INFO    | amr.db           | -        | DB 초기화 완료 — 테이블 20개 (sqlite:////home/chaesong/DBcenter-PT-Bot/hmi/backend/data/amr.db)
2026-08-07 05:32:59 | INFO    | amr.db           | -        | 시드 완료 — {'maps': 1, 'zones': 3, 'nodes': 8, 'routes': 1, 'equipment': 5, 'rules': 3, 'robots': 2}
2026-08-07 05:41:53 | WARNING | amr.db           | -        | 기존 테이블을 전부 삭제합니다 (drop=True)
2026-08-07 05:41:53 | INFO    | amr.db           | -        | DB 초기화 완료 — 테이블 20개 (sqlite:////home/chaesong/DBcenter-PT-Bot/hmi/backend/data/amr.db)
2026-08-07 05:41:53 | INFO    | amr.db           | -        | 시드 완료 — {'maps': 1, 'zones': 3, 'nodes': 8, 'routes': 1, 'equipment': 5, 'rules': 3, 'robots': 2}
2026-08-07 05:42:37 | INFO    | amr.main         | -        | ======================================================================
2026-08-07 05:42:37 | INFO    | amr.main         | -        | AMR 순찰·이상감지 관제 API v1.0.0 기동
2026-08-07 05:42:37 | INFO    | amr.db           | -        | DB 초기화 완료 — 테이블 20개 (sqlite:////home/chaesong/DBcenter-PT-Bot/hmi/backend/data/amr.db)
2026-08-07 05:42:38 | INFO    | amr.bridge       | -        | [robot_bridge] ROS2 브리지 기동 — 발행 2개, 구독 8토픽/로봇, 상행 큐 컨슈머 1
2026-08-07 05:42:38 | INFO    | amr.bridge       | -        | 브리지 교체 → RobotBridge
2026-08-07 05:42:38 | INFO    | amr.main         | -        | REST 14개 라우터 · WS /ws/monitor 준비 완료
2026-08-07 05:42:38 | INFO    | amr.main         | -        | ======================================================================
2026-08-07 05:42:38 | INFO    | amr.ws           | -        | 브로드캐스트 소비 루프 시작
2026-08-07 05:43:04 | INFO    | amr.request      | 3f277213 | GET /api/stats/overview → 200 (245.0ms) role=-
2026-08-07 05:43:11 | INFO    | amr.ws           | -        | WS 접속 — 현재 1개 연결
2026-08-07 05:43:11 | INFO    | amr.request      | 29e95864 | GET /api/stats/overview → 200 (62.9ms) role=-
2026-08-07 05:43:11 | INFO    | amr.request      | 09d08e39 | GET /api/stats/overview → 200 (9.9ms) role=-
2026-08-07 05:43:12 | INFO    | amr.ws           | -        | WS 해제 — 현재 0개 연결
2026-08-07 05:43:13 | INFO    | amr.ws           | -        | WS 접속 — 현재 1개 연결
2026-08-07 05:43:13 | INFO    | amr.request      | a1fbedb1 | GET /api/stats/overview → 200 (24.4ms) role=-
2026-08-07 05:43:13 | INFO    | amr.request      | e5ede38e | GET /api/stats/overview → 200 (9.0ms) role=-
2026-08-07 05:43:29 | INFO    | amr.request      | 644df594 | GET /api/routes → 200 (18.2ms) role=-
2026-08-07 05:43:29 | INFO    | amr.request      | f62a2ec5 | OPTIONS /api/patrol/start → 200 (0.8ms) role=-
2026-08-07 05:43:29 | INFO    | amr.bridge       | 357bdce1 | [robot_bridge] amr_1 ← START_PATROL CMD-20260806-9b92
2026-08-07 05:43:29 | INFO    | amr.bridge       | 357bdce1 | [robot_bridge] amr_2 ← START_PATROL CMD-20260806-0e3e
2026-08-07 05:43:29 | INFO    | amr.request      | 357bdce1 | POST /api/patrol/start → 200 (96.7ms) role=-
2026-08-07 05:43:43 | INFO    | amr.request      | 91af86af | GET /api/stats/overview → 200 (4.3ms) role=-
2026-08-07 05:43:57 | INFO    | amr.bridge       | 0d81be43 | [robot_bridge] amr_1 ← ESTOP CMD-20260806-031f
2026-08-07 05:43:57 | INFO    | amr.bridge       | 0d81be43 | [robot_bridge] amr_2 ← ESTOP CMD-20260806-74b2
2026-08-07 05:43:57 | INFO    | amr.request      | 0d81be43 | POST /api/robots/emergency-stop-all → 200 (18.7ms) role=-
2026-08-07 05:44:13 | INFO    | amr.request      | ea68d17f | GET /api/stats/overview → 200 (4.3ms) role=-
2026-08-07 05:44:16 | INFO    | amr.bridge       | 5f827e6d | [robot_bridge] amr_1 ← DOCK CMD-20260806-aab8
2026-08-07 05:44:16 | INFO    | amr.request      | 5f827e6d | POST /api/robots/amr_1/dock → 200 (29.0ms) role=-
2026-08-07 05:44:16 | INFO    | amr.bridge       | ec856c47 | [robot_bridge] amr_2 ← DOCK CMD-20260806-db04
2026-08-07 05:44:16 | INFO    | amr.request      | ec856c47 | POST /api/robots/amr_2/dock → 200 (37.0ms) role=-
2026-08-07 05:44:43 | INFO    | amr.request      | bbc496ff | GET /api/stats/overview → 200 (5.9ms) role=-
2026-08-07 05:44:59 | INFO    | amr.request      | 0997f706 | OPTIONS /api/robots/amr_1/goto → 200 (0.5ms) role=-
2026-08-07 05:44:59 | INFO    | amr.bridge       | 2a7f5846 | [robot_bridge] amr_1 ← GOTO CMD-20260806-e70f
2026-08-07 05:44:59 | INFO    | amr.request      | 2a7f5846 | POST /api/robots/amr_1/goto → 200 (13.6ms) role=-
2026-08-07 05:45:13 | INFO    | amr.request      | 9743d19c | GET /api/stats/overview → 200 (7.8ms) role=-
2026-08-07 05:45:43 | INFO    | amr.request      | 792c5b84 | GET /api/stats/overview → 200 (11.8ms) role=-
2026-08-07 05:45:45 | INFO    | amr.request      | 832e18ab | POST /api/events/detect → 201 (19.7ms) role=-
2026-08-07 05:46:14 | INFO    | amr.request      | 41a9b98e | GET /api/stats/overview → 200 (21.7ms) role=-
2026-08-07 05:46:44 | INFO    | amr.request      | cceb49e1 | GET /api/stats/overview → 200 (3.6ms) role=-
2026-08-07 05:47:11 | INFO    | amr.ws           | -        | WS 접속 — 현재 2개 연결
2026-08-07 05:47:11 | INFO    | amr.request      | 52a03a6f | GET /api/stats/overview → 200 (17.5ms) role=-
2026-08-07 05:47:11 | INFO    | amr.request      | 12082b5e | GET /api/stats/overview → 200 (20.3ms) role=-
2026-08-07 05:47:14 | INFO    | amr.request      | 2fe253b1 | GET /api/stats/overview → 200 (17.0ms) role=-
2026-08-07 05:47:14 | INFO    | amr.ws           | -        | WS 해제 — 현재 1개 연결
2026-08-07 05:47:44 | INFO    | amr.request      | 169029f5 | GET /api/stats/overview → 200 (6.6ms) role=-
2026-08-07 05:48:14 | INFO    | amr.request      | 15e4a9f5 | GET /api/stats/overview → 200 (5.4ms) role=-
2026-08-07 05:48:44 | INFO    | amr.request      | 13dc2eba | GET /api/stats/overview → 200 (7.9ms) role=-
2026-08-07 05:49:14 | INFO    | amr.request      | 08b11211 | GET /api/stats/overview → 200 (4.5ms) role=-
2026-08-07 05:49:44 | INFO    | amr.request      | fdd90e84 | GET /api/stats/overview → 200 (3.4ms) role=-
2026-08-07 05:50:14 | INFO    | amr.request      | f790a9ab | GET /api/stats/overview → 200 (3.2ms) role=-
2026-08-07 05:50:44 | INFO    | amr.request      | 92578f7c | GET /api/stats/overview → 200 (7.2ms) role=-
2026-08-07 05:51:15 | INFO    | amr.request      | d6dd74f6 | GET /api/stats/overview → 200 (18.8ms) role=-
2026-08-07 05:51:45 | INFO    | amr.request      | f5df5e59 | GET /api/stats/overview → 200 (9.3ms) role=-
2026-08-07 05:52:15 | INFO    | amr.request      | accb672c | GET /api/stats/overview → 200 (6.4ms) role=-
2026-08-07 05:52:45 | INFO    | amr.request      | 8cb31fb6 | GET /api/stats/overview → 200 (14.9ms) role=-
2026-08-07 05:53:15 | INFO    | amr.request      | c4d0bc2b | GET /api/stats/overview → 200 (5.6ms) role=-
2026-08-07 05:53:45 | INFO    | amr.request      | ffe63dac | GET /api/stats/overview → 200 (3.7ms) role=-
2026-08-07 05:54:15 | INFO    | amr.request      | 4235a98f | GET /api/stats/overview → 200 (3.8ms) role=-
2026-08-07 05:54:18 | ERROR   | amr.bridge       | -        | [robot_bridge] rclpy spin 종료
Traceback (most recent call last):
  File "/home/chaesong/DBcenter-PT-Bot/hmi/backend/app/robot_bridge.py", line 485, in _spin
    rclpy.spin_once(self._node, timeout_sec=0.5)
  File "/opt/ros/humble/local/lib/python3.10/dist-packages/rclpy/__init__.py", line 208, in spin_once
    executor.spin_once(timeout_sec=timeout_sec)
  File "/opt/ros/humble/local/lib/python3.10/dist-packages/rclpy/executors.py", line 808, in spin_once
    self._spin_once_impl(timeout_sec)
  File "/opt/ros/humble/local/lib/python3.10/dist-packages/rclpy/executors.py", line 797, in _spin_once_impl
    handler, entity, node = self.wait_for_ready_callbacks(timeout_sec=timeout_sec)
  File "/opt/ros/humble/local/lib/python3.10/dist-packages/rclpy/executors.py", line 780, in wait_for_ready_callbacks
    return next(self._cb_iter)
  File "/opt/ros/humble/local/lib/python3.10/dist-packages/rclpy/executors.py", line 653, in _wait_for_ready_callbacks
    wait_set = _rclpy.WaitSet(
rclpy._rclpy_pybind11.RCLError: failed to initialize wait set: the given context is not valid, either rcl_init() was not called or rcl_shutdown() was called., at ./src/rcl/wait.c:130
2026-08-07 05:54:18 | INFO    | amr.ws           | -        | WS 해제 — 현재 0개 연결
2026-08-07 05:54:19 | INFO    | amr.bridge       | -        | [robot_bridge] ROS2 브리지 종료
2026-08-07 05:54:19 | INFO    | amr.ws           | -        | 브로드캐스트 소비 루프 종료
2026-08-07 05:54:19 | INFO    | amr.main         | -        | 서버 종료
2026-08-07 09:42:29 | WARNING | amr.db           | -        | 기존 테이블을 전부 삭제합니다 (drop=True)
2026-08-07 09:42:29 | INFO    | amr.db           | -        | DB 초기화 완료 — 테이블 20개 (sqlite:////home/chaesong/DBcenter-PT-Bot/hmi/backend/data/amr.db)
2026-08-07 09:42:29 | INFO    | amr.db           | -        | 시드 완료 — {'maps': 1, 'zones': 3, 'nodes': 8, 'routes': 1, 'equipment': 5, 'rules': 3, 'robots': 2}
2026-08-07 09:42:54 | INFO    | amr.main         | -        | ======================================================================
2026-08-07 09:42:54 | INFO    | amr.main         | -        | AMR 순찰·이상감지 관제 API v1.0.0 기동
2026-08-07 09:42:54 | INFO    | amr.db           | -        | DB 초기화 완료 — 테이블 20개 (sqlite:////home/chaesong/DBcenter-PT-Bot/hmi/backend/data/amr.db)
2026-08-07 09:42:55 | INFO    | amr.bridge       | -        | [robot_bridge] ROS2 브리지 기동 — 발행 2개, 구독 8토픽/로봇, 상행 큐 컨슈머 1
2026-08-07 09:42:55 | INFO    | amr.bridge       | -        | 브리지 교체 → RobotBridge
2026-08-07 09:42:55 | INFO    | amr.main         | -        | REST 14개 라우터 · WS /ws/monitor 준비 완료
2026-08-07 09:42:55 | INFO    | amr.main         | -        | ======================================================================
2026-08-07 09:42:55 | INFO    | amr.ws           | -        | 브로드캐스트 소비 루프 시작
2026-08-07 09:43:00 | ERROR   | amr.bridge       | -        | [robot_bridge] rclpy spin 종료
Traceback (most recent call last):
  File "/home/chaesong/DBcenter-PT-Bot/hmi/backend/app/robot_bridge.py", line 513, in _spin
    rclpy.spin_once(self._node, timeout_sec=0.5)
  File "/opt/ros/humble/local/lib/python3.10/dist-packages/rclpy/__init__.py", line 208, in spin_once
    executor.spin_once(timeout_sec=timeout_sec)
  File "/opt/ros/humble/local/lib/python3.10/dist-packages/rclpy/executors.py", line 808, in spin_once
    self._spin_once_impl(timeout_sec)
  File "/opt/ros/humble/local/lib/python3.10/dist-packages/rclpy/executors.py", line 797, in _spin_once_impl
    handler, entity, node = self.wait_for_ready_callbacks(timeout_sec=timeout_sec)
  File "/opt/ros/humble/local/lib/python3.10/dist-packages/rclpy/executors.py", line 780, in wait_for_ready_callbacks
    return next(self._cb_iter)
  File "/opt/ros/humble/local/lib/python3.10/dist-packages/rclpy/executors.py", line 681, in _wait_for_ready_callbacks
    raise ExternalShutdownException()
rclpy.executors.ExternalShutdownException
2026-08-07 09:43:01 | INFO    | amr.bridge       | -        | [robot_bridge] ROS2 브리지 종료
2026-08-07 09:43:01 | INFO    | amr.ws           | -        | 브로드캐스트 소비 루프 종료
2026-08-07 09:43:01 | INFO    | amr.main         | -        | 서버 종료
2026-08-07 10:12:12 | INFO    | amr.main         | -        | ======================================================================
2026-08-07 10:12:12 | INFO    | amr.main         | -        | AMR 순찰·이상감지 관제 API v1.0.0 기동
2026-08-07 10:12:12 | INFO    | amr.db           | -        | DB 초기화 완료 — 테이블 20개 (sqlite:////home/chaesong/DBcenter-PT-Bot/hmi/backend/data/amr.db)
2026-08-07 10:12:13 | INFO    | amr.bridge       | -        | [robot_bridge] ROS2 브리지 기동 — 발행 2개, 구독 8토픽/로봇, 상행 큐 컨슈머 1
2026-08-07 10:12:13 | INFO    | amr.bridge       | -        | 브리지 교체 → RobotBridge
2026-08-07 10:12:13 | INFO    | amr.main         | -        | REST 14개 라우터 · WS /ws/monitor 준비 완료
2026-08-07 10:12:13 | INFO    | amr.main         | -        | ======================================================================
2026-08-07 10:12:13 | INFO    | amr.ws           | -        | 브로드캐스트 소비 루프 시작
2026-08-07 10:12:27 | INFO    | amr.request      | bb647196 | GET /api/stats/overview → 200 (281.8ms) role=-
2026-08-07 10:12:57 | INFO    | amr.request      | 66a5301c | GET /api/stats/overview → 200 (5.0ms) role=-
2026-08-07 10:13:12 | INFO    | amr.ws           | -        | WS 접속 — 현재 1개 연결
2026-08-07 10:13:12 | INFO    | amr.request      | e510fea3 | GET /api/stats/overview → 200 (69.8ms) role=-
2026-08-07 10:13:12 | INFO    | amr.request      | 726ed180 | GET /api/stats/overview → 200 (3.2ms) role=-
2026-08-07 10:13:42 | INFO    | amr.request      | 6c8fcdee | GET /api/stats/overview → 200 (4.0ms) role=-
2026-08-07 10:14:12 | INFO    | amr.request      | d1c3251c | GET /api/stats/overview → 200 (14.8ms) role=-
2026-08-07 10:14:42 | INFO    | amr.request      | e3f9c35e | GET /api/stats/overview → 200 (9.3ms) role=-
2026-08-07 10:15:12 | INFO    | amr.request      | badb2561 | GET /api/stats/overview → 200 (11.6ms) role=-
2026-08-07 10:15:39 | INFO    | amr.request      | 98b9a2c4 | GET /api/routes → 200 (14.1ms) role=-
2026-08-07 10:15:39 | INFO    | amr.request      | dc58471d | OPTIONS /api/patrol/start → 200 (0.8ms) role=-
2026-08-07 10:15:39 | INFO    | amr.bridge       | b601c80e | [robot_bridge] amr_1 ← START_PATROL CMD-20260807-eda6
2026-08-07 10:15:39 | INFO    | amr.bridge       | b601c80e | [robot_bridge] amr_2 ← START_PATROL CMD-20260807-9d01
2026-08-07 10:15:39 | INFO    | amr.request      | b601c80e | POST /api/patrol/start → 200 (43.5ms) role=-
2026-08-07 10:15:42 | INFO    | amr.request      | 2e694a0f | GET /api/stats/overview → 200 (11.1ms) role=-
2026-08-07 10:16:12 | INFO    | amr.request      | 97b773df | GET /api/stats/overview → 200 (46.4ms) role=-
2026-08-07 10:16:42 | INFO    | amr.request      | ca707a60 | GET /api/stats/overview → 200 (3.9ms) role=-
2026-08-07 10:17:12 | INFO    | amr.request      | 1a4192eb | GET /api/stats/overview → 200 (10.5ms) role=-
2026-08-07 10:17:42 | INFO    | amr.request      | ab97b2cd | GET /api/stats/overview → 200 (4.8ms) role=-
2026-08-07 10:18:12 | INFO    | amr.request      | 35a79bec | GET /api/stats/overview → 200 (5.9ms) role=-
2026-08-07 10:18:42 | INFO    | amr.request      | 9f09edbd | GET /api/stats/overview → 200 (6.0ms) role=-
2026-08-07 10:19:12 | INFO    | amr.request      | bd076ae8 | GET /api/stats/overview → 200 (9.0ms) role=-
2026-08-07 10:19:42 | INFO    | amr.request      | ee84c6a3 | GET /api/stats/overview → 200 (3.8ms) role=-
2026-08-07 10:20:13 | INFO    | amr.request      | 843ce0eb | GET /api/stats/overview → 200 (8.6ms) role=-
2026-08-07 10:20:43 | INFO    | amr.request      | 1d2e95f1 | GET /api/stats/overview → 200 (3.9ms) role=-
2026-08-07 10:21:13 | INFO    | amr.request      | c4bda7f2 | GET /api/stats/overview → 200 (5.4ms) role=-
2026-08-07 10:21:43 | INFO    | amr.request      | a70ed1e3 | GET /api/stats/overview → 200 (8.0ms) role=-
2026-08-07 10:22:13 | INFO    | amr.request      | 0b54ef0f | GET /api/stats/overview → 200 (8.3ms) role=-
2026-08-07 10:22:43 | INFO    | amr.request      | 240627e9 | GET /api/stats/overview → 200 (6.9ms) role=-
2026-08-07 10:23:13 | INFO    | amr.request      | 3d1d76dd | GET /api/stats/overview → 200 (4.6ms) role=-
2026-08-07 10:23:43 | INFO    | amr.request      | 332d56c2 | GET /api/stats/overview → 200 (15.0ms) role=-
2026-08-07 10:24:13 | INFO    | amr.request      | 51d135e9 | GET /api/stats/overview → 200 (8.5ms) role=-
2026-08-07 10:24:43 | INFO    | amr.request      | 8db52c2a | GET /api/stats/overview → 200 (8.2ms) role=-
2026-08-07 10:25:13 | INFO    | amr.request      | e91b315a | GET /api/stats/overview → 200 (3.6ms) role=-
2026-08-07 10:25:22 | INFO    | amr.ws           | -        | WS 해제 — 현재 0개 연결
2026-08-07 10:25:22 | INFO    | amr.request      | 473e6b52 | GET /api/stats/overview → 200 (6.4ms) role=-
2026-08-07 10:25:22 | INFO    | amr.ws           | -        | WS 접속 — 현재 1개 연결
2026-08-07 10:25:53 | INFO    | amr.request      | 4901502f | GET /api/stats/overview → 200 (9.0ms) role=-
2026-08-07 10:26:23 | INFO    | amr.request      | c0c3f8ad | GET /api/stats/overview → 200 (6.7ms) role=-
2026-08-07 10:26:53 | INFO    | amr.request      | e0211405 | GET /api/stats/overview → 200 (10.8ms) role=-
2026-08-07 10:27:23 | INFO    | amr.request      | e19f240e | GET /api/stats/overview → 200 (21.2ms) role=-
2026-08-08 15:43:09 | INFO    | amr.bridge       | -        | 브리지 교체 → RobotBridge
2026-08-08 15:43:09 | INFO    | amr.main         | -        | [loopback] /backend/amr_1/command ← {"command_id": "CMD-20260808-6f97", "command_type": "GOTO", "payload": {"waypoints": [{"x": 1, "y": 2, "theta": 0}], "event_id": null}, "issued_at": "2026-08-08T15:43:09.133632+09:00"}
2026-08-08 15:43:09 | INFO    | amr.bridge       | -        | [robot_bridge] amr_1 ← GOTO CMD-20260808-6f97
2026-08-08 17:15:27 | WARNING | amr.db           | -        | 기존 테이블을 전부 삭제합니다 (drop=True)
2026-08-08 17:15:28 | INFO    | amr.db           | -        | DB 초기화 완료 — 테이블 20개 (sqlite:////home/chaesong/DBcenter-PT-Bot/hmi/backend/data/amr.db)
2026-08-08 17:15:28 | INFO    | amr.db           | -        | 시드 완료 — {'maps': 1, 'zones': 3, 'nodes': 8, 'routes': 1, 'equipment': 5, 'rules': 3, 'robots': 2}
2026-08-08 17:29:57 | INFO    | amr.request      | 2d84db6f | GET /api/cameras → 200 (209.0ms) role=-
2026-08-08 17:29:57 | WARNING | amr.request      | a9489660 | GET /api/cameras/cctv1/stream → 503 (1.7ms) role=-
2026-08-09 13:11:09 | WARNING | amr.db           | -        | 기존 테이블을 전부 삭제합니다 (drop=True)
2026-08-09 13:11:09 | INFO    | amr.db           | -        | DB 초기화 완료 — 테이블 20개 (sqlite:////home/chaesong/DBcenter-PT-Bot/hmi/backend/data/amr.db)
2026-08-09 13:11:09 | INFO    | amr.db           | -        | 시드 완료 — {'maps': 1, 'zones': 3, 'nodes': 8, 'routes': 1, 'equipment': 5, 'rules': 3, 'robots': 2}
2026-08-09 13:11:11 | INFO    | amr.db           | -        | DB 초기화 완료 — 테이블 20개 (sqlite:////home/chaesong/DBcenter-PT-Bot/hmi/backend/data/amr.db)
2026-08-09 13:11:11 | INFO    | amr.db           | -        | 시드 완료 — {'maps': 0, 'zones': 0, 'nodes': 0, 'routes': 0, 'equipment': 0, 'rules': 0, 'robots': 0}
2026-08-09 13:11:11 | INFO    | amr.main         | -        | ======================================================================
2026-08-09 13:11:11 | INFO    | amr.main         | -        | AMR 순찰·이상감지 관제 API v1.0.0 기동
2026-08-09 13:11:11 | INFO    | amr.db           | -        | DB 초기화 완료 — 테이블 20개 (sqlite:////home/chaesong/DBcenter-PT-Bot/hmi/backend/data/amr.db)
2026-08-09 13:11:11 | INFO    | amr.main         | -        | REST 15개 라우터 · WS /ws/monitor 준비 완료
2026-08-09 13:11:11 | INFO    | amr.main         | -        | ======================================================================
2026-08-09 13:11:11 | INFO    | amr.ws           | -        | 브로드캐스트 소비 루프 시작
2026-08-09 13:11:12 | WARNING | amr.request      | a099f604 | POST /api/align/check-gate → 503 (201.8ms) role=OPERATOR
2026-08-09 13:11:12 | WARNING | amr.request      | 47e6c9e6 | POST /api/align/check-gate → 503 (5.4ms) role=OPERATOR
2026-08-09 13:11:12 | INFO    | amr.ws           | -        | 브로드캐스트 소비 루프 종료
2026-08-09 13:11:12 | INFO    | amr.main         | -        | 서버 종료
2026-08-09 13:12:05 | WARNING | amr.db           | -        | 기존 테이블을 전부 삭제합니다 (drop=True)
2026-08-09 13:12:05 | INFO    | amr.db           | -        | DB 초기화 완료 — 테이블 20개 (sqlite:////home/chaesong/DBcenter-PT-Bot/hmi/backend/data/amr.db)
2026-08-09 13:12:05 | INFO    | amr.db           | -        | 시드 완료 — {'maps': 1, 'zones': 3, 'nodes': 8, 'routes': 1, 'equipment': 5, 'rules': 3, 'robots': 2}
2026-08-09 13:12:06 | INFO    | amr.db           | -        | DB 초기화 완료 — 테이블 20개 (sqlite:////home/chaesong/DBcenter-PT-Bot/hmi/backend/data/amr.db)
2026-08-09 13:12:06 | INFO    | amr.db           | -        | 시드 완료 — {'maps': 0, 'zones': 0, 'nodes': 0, 'routes': 0, 'equipment': 0, 'rules': 0, 'robots': 0}
2026-08-09 13:12:06 | INFO    | amr.main         | -        | ======================================================================
2026-08-09 13:12:06 | INFO    | amr.main         | -        | AMR 순찰·이상감지 관제 API v1.0.0 기동
2026-08-09 13:12:06 | INFO    | amr.db           | -        | DB 초기화 완료 — 테이블 20개 (sqlite:////home/chaesong/DBcenter-PT-Bot/hmi/backend/data/amr.db)
2026-08-09 13:12:06 | INFO    | amr.main         | -        | REST 15개 라우터 · WS /ws/monitor 준비 완료
2026-08-09 13:12:06 | INFO    | amr.main         | -        | ======================================================================
2026-08-09 13:12:06 | INFO    | amr.ws           | -        | 브로드캐스트 소비 루프 시작
2026-08-09 13:12:07 | WARNING | amr.request      | a4e33abf | POST /api/align/check-gate → 503 (172.4ms) role=OPERATOR
2026-08-09 13:12:07 | WARNING | amr.request      | 5a7fa6e5 | POST /api/align/check-gate → 400 (4.4ms) role=OPERATOR
2026-08-09 13:12:07 | INFO    | amr.ws           | -        | 브로드캐스트 소비 루프 종료
2026-08-09 13:12:07 | INFO    | amr.main         | -        | 서버 종료
2026-08-09 13:12:08 | WARNING | amr.db           | -        | 기존 테이블을 전부 삭제합니다 (drop=True)
2026-08-09 13:12:08 | INFO    | amr.db           | -        | DB 초기화 완료 — 테이블 20개 (sqlite:////home/chaesong/DBcenter-PT-Bot/hmi/backend/data/amr.db)
2026-08-09 13:12:08 | INFO    | amr.db           | -        | 시드 완료 — {'maps': 1, 'zones': 3, 'nodes': 8, 'routes': 1, 'equipment': 5, 'rules': 3, 'robots': 2}
